-- phpMyAdmin SQL Dump
-- version 5.2.0
-- https://www.phpmyadmin.net/
--
-- Hôte : 127.0.0.1
-- Généré le : jeu. 05 jan. 2023 à 21:46
-- Version du serveur : 10.4.27-MariaDB
-- Version de PHP : 8.1.12

SET SQL_MODE = "NO_AUTO_VALUE_ON_ZERO";
START TRANSACTION;
SET time_zone = "+00:00";


/*!40101 SET @OLD_CHARACTER_SET_CLIENT=@@CHARACTER_SET_CLIENT */;
/*!40101 SET @OLD_CHARACTER_SET_RESULTS=@@CHARACTER_SET_RESULTS */;
/*!40101 SET @OLD_COLLATION_CONNECTION=@@COLLATION_CONNECTION */;
/*!40101 SET NAMES utf8mb4 */;

--
-- Base de données : `projetbi`
--

-- --------------------------------------------------------

--
-- Structure de la table `dim_manufacturer`
--

CREATE TABLE `dim_manufacturer` (
  `idmanufacturer` int(11) DEFAULT NULL,
  `manufacturer` varchar(100) DEFAULT NULL
) ENGINE=InnoDB DEFAULT CHARSET=utf8mb4 COLLATE=utf8mb4_general_ci;

--
-- Déchargement des données de la table `dim_manufacturer`
--

INSERT INTO `dim_manufacturer` (`idmanufacturer`, `manufacturer`) VALUES
(1, 'Vekoma'),
(2, 'Zamperla'),
(3, 'William J. Cobb'),
(4, 'Soquet'),
(5, 'Pinfari'),
(6, 'B&M'),
(7, '0.0'),
(8, 'Zierer'),
(9, 'Schwarzkopf'),
(10, 'Miler Coaster'),
(11, 'Cavazza Diego'),
(12, 'Mack'),
(13, 'Intamin'),
(14, 'RCCA'),
(15, 'Reverchon'),
(16, 'CCI'),
(17, 'Gerstlauer'),
(18, 'Pax'),
(19, 'Arrow'),
(20, 'Barbisan'),
(21, 'L&T Systems'),
(22, 'Charles Paige'),
(23, 'na'),
(24, 'Maurer'),
(25, 'WGH Transportation'),
(26, 'Big Country Mitioneering'),
(27, 'S&S'),
(28, 'Gravity Group'),
(29, 'Premier Rides'),
(30, 'Giovanola'),
(31, 'Bradley & Kaye'),
(32, 'Charlie Dinn'),
(33, 'Larson International, Inc'),
(34, 'Preston & Barbieri'),
(35, 'Philadelphia Toboggan Coaster'),
(36, 'National Amusement Devices'),
(37, 'S.D.C.'),
(38, 'Togo'),
(39, '4.0'),
(40, 'SBF'),
(41, 'Diamond Rides'),
(42, 'GCI'),
(43, 'John Miller'),
(44, 'Doppelmayr'),
(45, 'Chance Rides'),
(46, 'Troisne'),
(47, 'Drambour, Joseph'),
(48, 'Dinn Corp.'),
(49, 'International Amusement Devices'),
(50, 'Caripro'),
(51, 'Hensel Phelps Construction Co.'),
(52, 'HyFab'),
(53, 'Morgan'),
(54, 'Ronald Bussink'),
(55, 'Don Rosser & Bill Cobb'),
(56, 'Herschell'),
(57, 'Meisho Amusement Machines'),
(58, 'Senyo Kogyo'),
(59, 'SetPoint'),
(60, 'Hopkins'),
(61, 'Hoei Sangyo'),
(62, 'Sansei Yusoki'),
(63, 'Okamoto'),
(64, 'Kings Island'),
(65, 'Michael Black and Associates'),
(66, 'Kumbak'),
(67, 'CAM Baby Kart'),
(68, 'L.A. Thompson Scenic Railway'),
(69, 'DAL'),
(70, 'Stein Company'),
(71, 'Top Fun'),
(72, 'Heege Freizeittechnik'),
(73, 'Martin & Vleminckx'),
(74, 'Carl Miler'),
(75, 'ACE Coaster Classic'),
(76, 'D.P.V. Rides'),
(77, 'Nippon'),
(78, 'Overland'),
(79, 'Knoebels'),
(80, 'Molina & Son\'s'),
(81, 'Coaster Works'),
(82, 'William Strickler'),
(83, 'Golden Horse'),
(84, 'Três Eixos'),
(85, 'S&MC'),
(86, 'Dynamic Attractions'),
(87, 'Walt Disney Imagineering'),
(88, 'Holzbau Cordes'),
(89, 'Sartori'),
(90, 'Fabbri'),
(91, 'E&F Miler Industries'),
(92, 'Beto Carrero World'),
(93, 'Harry G Traver'),
(94, 'John H. Brown'),
(95, 'T. M. Harton'),
(96, 'Schiff'),
(97, 'Mondial '),
(98, 'Wisdom Rides '),
(99, 'EOS rides'),
(100, ''),
(101, 'Abc rides'),
(102, 'Beijing Shibaolai'),
(103, 'Beijing Jiuhua'),
(104, 'Hebei Zhongye'),
(105, 'Technical Park'),
(106, 'Fajume S.A. de C.V'),
(107, 'Allan Herschell Company'),
(108, 'B. A. Schiff & Associates'),
(109, 'Blackpool Leisure'),
(110, 'Interpark'),
(111, 'RMC'),
(112, 'I.E. Park'),
(113, 'Wiegand'),
(114, 'Cedeal ride'),
(115, 'ART Engineering'),
(116, 'Levent Lunapark'),
(117, 'Chang Long'),
(118, 'Interlink'),
(119, 'Gosetto'),
(120, 'RES'),
(121, 'Sameco'),
(122, 'Techfun'),
(123, 'Brandauer'),
(124, 'Ikeda Works'),
(125, 'Güven Lunapark');

-- --------------------------------------------------------

--
-- Structure de la table `dim_park`
--

CREATE TABLE `dim_park` (
  `idpark` int(11) DEFAULT NULL,
  `park` varchar(100) DEFAULT NULL
) ENGINE=InnoDB DEFAULT CHARSET=utf8mb4 COLLATE=utf8mb4_general_ci;

--
-- Déchargement des données de la table `dim_park`
--

INSERT INTO `dim_park` (`idpark`, `park`) VALUES
(1, 'Parc Asterix'),
(2, 'Bobbejaanland'),
(3, 'Terra Mítica'),
(4, 'Walygator Parc'),
(5, 'Le Pal'),
(6, 'Nigloland'),
(7, 'Parque Warner Madrid'),
(8, 'Disneyland Park'),
(9, 'Walibi Rhône Alpes'),
(10, 'Walibi Belgium'),
(11, 'Vekoma'),
(12, 'Bagatelle'),
(13, 'Parque de Atracciones de Madrid'),
(14, 'La Mer de Sable'),
(15, 'Europa Park'),
(16, 'Holiday Park'),
(17, 'Fraispertuis City'),
(18, 'Isla Magica'),
(19, 'Movie Park Germany'),
(20, 'Walt Disney Studios'),
(21, 'Parc Saint Paul'),
(22, 'Port Aventura'),
(23, 'Alton Towers'),
(24, 'Europark'),
(25, 'OK Corral'),
(26, 'Walibi Sud Ouest'),
(27, 'Gardaland'),
(28, 'Mirabilandia'),
(29, 'Fiabilandia'),
(30, 'Movieland Park'),
(31, 'Southport Pleasureland'),
(32, 'Drayton Manor'),
(33, 'Flamingo Land Theme Park and Zoo'),
(34, 'Blackpool Pleasure Beach'),
(35, 'Lightwater Valley'),
(36, 'Legoland Windsor'),
(37, 'Thorpe Park'),
(38, 'Chessington World of Adventures'),
(39, 'Fantasy Island Ingoldmells'),
(40, 'Six Flags Great Adventure'),
(41, 'Fuji-Q Highland'),
(42, 'Bellewaerde'),
(43, 'Mt. Olympus Water & Theme Park'),
(44, 'Cedar Point'),
(45, 'Busch Gardens Tampa'),
(46, 'Six Flags Magic Mountain'),
(47, 'Liseberg'),
(48, 'Kings Island'),
(49, 'Dorney Park'),
(50, 'Festyland'),
(51, 'Silver Dollar City'),
(52, 'La Ronde'),
(53, 'Knott\'s Berry Farm'),
(54, 'Universal Studios Islands of Adventure'),
(55, 'Walibi Holland'),
(56, 'Six Flags Great America'),
(57, 'Touroparc'),
(58, 'Heide Park'),
(59, 'Lihpao Land'),
(60, 'Hersheypark'),
(61, 'Foire'),
(62, 'Cigoland'),
(63, 'Camden Park'),
(64, 'Amigoland'),
(65, 'Universal Studios Florida'),
(66, 'Tokyo DisneySea'),
(67, 'Jardin d\'Acclimatation'),
(68, 'Six Flags America'),
(69, 'Indiana Beach'),
(70, 'Buffalo Bill\'s Resort & Casino'),
(71, 'Nascar Café'),
(72, 'New York, New York Hotel & Casino'),
(73, 'Skyline Park'),
(74, 'Six Flags St Louis'),
(75, 'Busch Gardens Williamsburg'),
(76, 'Michigan\'s Adventure'),
(77, 'Great Escape'),
(78, 'Legoland Billund'),
(79, 'Six Flags AstroWorld'),
(80, 'Adventureland'),
(81, 'Lotte World'),
(82, 'Kentucky Kingdom'),
(83, 'Linnanmäki'),
(84, 'SeaWorld Orlando'),
(85, 'Disney California Adventure'),
(86, 'Six flags Over Texas'),
(87, 'Kings Dominion'),
(88, 'Tokyo Dome City'),
(89, 'Disney Hollywood Studios'),
(90, 'Dreamworld'),
(91, 'Admiral Vrungel'),
(92, 'Disney\'s Animal Kingdom'),
(93, 'Intamin'),
(94, 'Tripsdrill'),
(95, 'Bayern Park'),
(96, 'Parc des Combes'),
(97, 'Waterville'),
(98, 'La Récré des trois Curés'),
(99, 'Six Flags Fiesta Texas'),
(100, 'Six Flags Over Georgia'),
(101, 'Phantasialand'),
(102, 'Geauga Lake'),
(103, 'California\'s Great America '),
(104, 'Efteling'),
(105, 'Magic World'),
(106, 'Six Flags New England'),
(107, 'Darien Lake'),
(108, 'TusenFryd'),
(109, 'Holiday World'),
(110, 'Elitch Gardens'),
(111, 'Tokyo Summerland'),
(112, 'Toshimaen'),
(113, 'Six Flags Discovery Kingdom'),
(114, 'Worlds of Fun'),
(115, 'Six Flags Mexico'),
(116, 'Dollywood'),
(117, 'Gold Reef City'),
(118, 'Aqua Stadium'),
(119, 'Hirakata Park'),
(120, 'Koaland'),
(121, 'Nara Dreamland'),
(122, 'Parque Espana-Shima Spain Village'),
(123, 'Belantis'),
(124, 'Expoland'),
(125, 'Magic Springs & Crystal Falls'),
(126, 'Tibidabo'),
(127, 'Särkänniemi Amusement Park'),
(128, 'Xetulul'),
(129, 'Ilyicha Park'),
(130, 'Chimelong Paradise'),
(131, 'Six Flags New Orleans'),
(132, 'Canada\'s Wonderland'),
(133, 'Oakwood'),
(134, 'Bonbon-Land'),
(135, 'Carowinds'),
(136, 'Lake Compounce'),
(137, 'Mysterious Island'),
(138, 'Nagashima Spa Land'),
(139, 'Galaxyland Amusement Park'),
(140, 'Plopsa Coo'),
(141, 'Plopsaland'),
(142, 'Nasu Highland Park'),
(143, 'Dennlys Parc'),
(144, 'Didiland'),
(145, 'Farup Sommerland'),
(146, 'Karolinelund'),
(147, 'Tivoli Gardens'),
(148, 'SeaWorld San Antonio'),
(149, 'SeaWorld San Diego'),
(150, 'Attractiepark Slagharen'),
(151, 'Avonturenpark Hellendoorn'),
(152, 'Happy Valley Shenzhen'),
(153, 'Duinrell'),
(154, 'Hansa Park'),
(155, 'Legoland Deutschland'),
(156, 'Adventure Island'),
(157, 'Himeji Central Park'),
(158, 'Janfusun Fancyworld'),
(159, 'Magic Park Land'),
(160, 'Wonder Island'),
(161, 'Cavallino Matto'),
(162, 'Felifonte'),
(163, 'Luneur'),
(164, 'Boudewijn Seapark'),
(165, 'Codona\'s Amusement Park'),
(166, 'Valleyfair'),
(167, 'Legoland Florida'),
(168, 'Fort Fun Abenteuerland'),
(169, 'Universal Studios Japan'),
(170, 'Tivoli Friheden'),
(171, 'Papea Parc'),
(172, 'Wonderland Amusement Park'),
(173, 'Conny-Land'),
(174, 'Wild- und Freizeitpark'),
(175, 'Bakken'),
(176, 'Pleasurewood Hills'),
(177, 'Vidámpark'),
(178, 'Superland'),
(179, 'Seibuen Yuenchi'),
(180, 'Yomiuriland'),
(181, 'Morey\'s Piers'),
(182, 'Freizeit-Land Geiselwind'),
(183, 'Camelot Theme Park'),
(184, 'Kennywood'),
(185, 'Cobac Parc'),
(186, 'PowerPark'),
(187, 'Paultons Park'),
(188, 'Space World'),
(189, 'Berjaya Times Square Theme Park'),
(190, 'Warner Bros. Movie World'),
(191, 'Wild Adventures'),
(192, 'Toverland'),
(193, 'Aquashow'),
(194, 'Formosan Aboriginal Culture Village'),
(195, 'Yokohama Cosmoworld'),
(196, 'Lagoon'),
(197, 'Knoebels'),
(198, 'Uncle Bernie\'s Theme Park'),
(199, 'Parque de la Ciudad'),
(200, 'Gröna Lund'),
(201, 'Loro Parque'),
(202, 'Parque de Atracciones de Zaragoza'),
(203, 'Drievliet Family Park'),
(204, 'Marineland Theme Park'),
(205, 'Kid parc'),
(206, 'Upper Clements Theme Park'),
(207, 'Boomers!'),
(208, 'Timber Falls Adventure Park'),
(209, 'Lagunasia'),
(210, 'Terra Encantada'),
(211, 'Méga Parc'),
(212, 'Wiener Prater'),
(213, 'Playland\'s Castaway Cove'),
(214, 'Sea World'),
(215, 'Adventuredome'),
(216, 'Old Town'),
(217, 'Kemah Boardwalk'),
(218, 'Happy Valley Beijing'),
(219, 'Tobu Zoo Park'),
(220, 'Loudoun Castle'),
(221, 'Scenic World'),
(222, 'Playcenter São Paulo'),
(223, 'Disney\'s Magic Kingdom'),
(224, 'Disneyland'),
(225, 'Antibesland'),
(226, 'Gyeongju World'),
(227, 'Phoenix Mountain\'s Happy Park'),
(228, 'Beech Bend'),
(229, 'Fami P.A.R.C'),
(230, 'Blue Bayou Dixie Landin\''),
(231, 'Europark Idroscalo'),
(232, 'Silverwood Theme Park'),
(233, 'Brighton pier'),
(234, 'Freestyle Music Park'),
(235, 'De Valkenier'),
(236, 'Vluchtheuvel'),
(237, 'Parc Avenue'),
(238, 'Tokyo Disneyland'),
(239, 'Everland'),
(240, 'Djurs Sommerland'),
(241, 'Siam Park City'),
(242, 'Leolandia'),
(243, 'Wet\'n\'Wild Water World'),
(244, 'Waldameer'),
(245, 'Zygo park'),
(246, 'Kobe Portopialand'),
(247, 'West Midlands Safari Park'),
(248, 'Pleasure Island'),
(249, 'Botton\'s Pleasure Beach'),
(250, 'Celebration City'),
(251, 'Malmö Folkets Park'),
(252, 'Furuvik'),
(253, 'The Milky Way Adventure Park'),
(254, 'American Adventure Theme Park'),
(255, 'Silesian Amusement Park'),
(256, 'Vinpearl Land Nha Trang'),
(257, 'Fantasy Place'),
(258, 'Beto Carrero World'),
(259, 'Rodelparadies Wasserkuppe'),
(260, 'Casino Pier'),
(261, 'Trampoline'),
(262, 'Nickelodeon Universe'),
(263, 'Thrill Valley'),
(264, 'Parc du Bocasse'),
(265, 'Mirapolis'),
(266, 'Japan Monkey Park'),
(267, 'Freizeipark Kirchhorst'),
(268, 'Holly Park'),
(269, 'Genting Theme Park'),
(270, 'Tivoli World'),
(271, 'Cevahir Mall'),
(272, 'Spree-Park'),
(273, 'Trentham'),
(274, 'Grove Land'),
(275, 'Frontierland Family Theme Park'),
(276, 'M&D Scotland\'s Theme Park'),
(277, 'Brean Leisure Park'),
(278, 'Zoo de Granby'),
(279, 'Crystal Beach'),
(280, 'Suzhou Giant Wheel Park'),
(281, 'Onokoro'),
(282, 'Kijima Amusement Park'),
(283, 'Hamanako Pal Pal'),
(284, 'Potts Park'),
(285, 'Wild Waves Theme Park'),
(286, 'Rocky Point Park '),
(287, 'Trimper\'s Rides'),
(288, 'VVC Wheel Park'),
(289, 'Attrapark'),
(290, 'Familypark'),
(291, 'Funland Amusement Park'),
(292, 'Tahoe Amusement Park'),
(293, 'Bowcraft Playland'),
(294, 'Sir Gooney\'s Family Fun Center'),
(295, 'Planet Fun'),
(296, 'Sandy Lake Amusement Park'),
(297, 'Cherokee Fun Park'),
(298, 'Oasis Lanes & Amusement Center '),
(299, 'Blue Diamond Park '),
(300, 'Ange Michel'),
(301, 'Bal Parc'),
(302, 'Frontier City'),
(303, 'Fun Junction'),
(304, '0.0'),
(305, 'Fantasiana (Erlebnispark Strasswalchen)'),
(306, 'Nürburgring'),
(307, 'Parc Fenestre'),
(308, 'Legoland California'),
(309, 'Mack'),
(310, 'Cita-Parc'),
(311, 'Trampolino Familien- und Freizeitpark'),
(312, 'Nicolândia Center Park'),
(313, 'Isla San Marcos Parque Temático'),
(314, 'Skara Sommarland'),
(315, 'Kolmården'),
(316, 'Freizeitpark Plohn'),
(317, 'Miragica'),
(318, 'Quassy Amusement Park'),
(319, 'Seabreeze'),
(320, 'Panorama Park'),
(321, 'Salitre Magico'),
(322, 'La Coccinelle'),
(323, 'Familiepretpark Mini Mundi'),
(324, 'Parque Bicentenario'),
(325, 'Central Park Fun-Land'),
(326, 'Ocean Beach Amusement Park'),
(327, 'Ocean Beach Pleasure Park'),
(328, 'Ffrith Beach Fun Parc '),
(329, 'Belle Island Village'),
(330, 'Mondo Verde'),
(331, 'Tosselilla'),
(332, 'Global Village'),
(333, 'Ghost Town Village'),
(334, 'Jin Jiang Action Park'),
(335, 'Ferrari World'),
(336, 'Playland'),
(337, 'Parque de Atracciones Monte Igueldo'),
(338, 'Leofoo Village Theme Park'),
(339, 'Habtoorland'),
(340, 'Dream City'),
(341, 'Floraland'),
(342, 'Knight Valley'),
(343, 'FantaWild Adventure Wuhu'),
(344, 'Huachong Park'),
(345, 'Zhanggongshan Park'),
(346, 'Zheshan Park'),
(347, 'Beijing Carnival'),
(348, 'Beijing Shijingshan Amusement Park'),
(349, 'Sun Park'),
(350, 'Chongqing Amusement Park'),
(351, 'Chongqing Huahuiyuan'),
(352, 'Chongqing Zoo'),
(353, 'Parque Nacional Del Café'),
(354, 'Schwaben Park'),
(355, 'DippieDoe Familiepark'),
(356, 'Pacific Park'),
(357, 'Santa Cruz Beach Boardwalk'),
(358, 'Erlebniswelt Seilbahnen Thale'),
(359, 'Familienfreizeitpark Funny-World'),
(360, 'Florida Parc'),
(361, 'Aventura Park'),
(362, 'Jacquou Parc'),
(363, 'Lunapark Cap d\'Agde'),
(364, 'Lunapark Fréjus'),
(365, 'Parc de la Toison d\'Or'),
(366, 'Parc de la Vallée'),
(367, 'Parc de Lillom'),
(368, 'Parc des Naudières'),
(369, 'Pleasure Garden'),
(370, 'Alabama Adventure'),
(371, 'Wonderland Sydney'),
(372, 'Hong Kong Disneyland'),
(373, 'World Joyland'),
(374, 'Ocean Park'),
(375, 'China Dinosaurs Park'),
(376, 'Happy Valley Wuhan'),
(377, 'Canobie Lake Park'),
(378, 'Etnaland'),
(379, 'BillyBird Park Hemelrijk'),
(380, 'Rainbow MagicLand'),
(381, 'Chimelong Ocean Kingdom'),
(382, 'Kiddieland'),
(383, 'Zoo Safari Stukenbrock'),
(384, 'Serengeti Park'),
(385, 'Freizeitpark Ruhpolding'),
(386, 'Entertainment City'),
(387, 'EsselWorld'),
(388, 'Ty Bamboo'),
(389, 'Zoosafari Fasanolandia'),
(390, 'Trans Studio Indoor Theme Park '),
(391, 'Parquesur'),
(392, 'Steel Pier'),
(393, 'Funtown Pier'),
(394, 'Luna Park'),
(395, 'Sommerland Syd'),
(396, 'Yas Waterworld'),
(397, 'Freizeitpark Lochmühle'),
(398, 'Joypolis'),
(399, 'Churpfalzpark'),
(400, 'Märchenwald im Isartal'),
(401, 'Lollihop'),
(402, 'Egidi-Buckel Rodelparadies'),
(403, 'Abtenauer Bergbahnen'),
(404, 'Erlebnis Rittisberg'),
(405, 'Alpincenter Bottrop'),
(406, 'Parque de la Costa'),
(407, 'MGM Dizzee World'),
(408, 'Isfanbul'),
(409, 'Fun Spot America'),
(410, 'IMG Worlds of Adventure'),
(411, 'Funcenter'),
(412, 'Klotten (Wild- und Freizeitpark)'),
(413, 'Happy Valley Shanghai'),
(414, 'Rainbow\'s End'),
(415, 'Ferrari Land'),
(416, 'Babyland'),
(417, 'ViaSea'),
(418, 'Parc Spirou'),
(419, 'Energylandia'),
(420, 'Legendia'),
(421, 'Motiongate'),
(422, 'Shanghaï Disneyland'),
(423, 'Wildlands Adventure Zoo Emmen'),
(424, 'Ferienzentrum Schloss Dankern'),
(425, 'The Land of Legends'),
(426, 'Dream Island'),
(427, 'Warner Bros. World Abu Dhabi'),
(428, 'Universal Studios Singapore'),
(429, 'Wonderland Eurasia'),
(430, 'Colourful Yunnan Happy World'),
(431, 'Ocean Paradise'),
(432, 'Lakeside'),
(433, 'Robotland Theme Park'),
(434, 'Silk Road Culture Expo Park'),
(435, 'Le Fleury'),
(436, 'Universal Studios Hollywood'),
(437, 'Funtown Splashtown USA'),
(438, 'Dutch Wonderland'),
(439, 'Cliff\'s Amusement Park'),
(440, 'Fantasy Island New York'),
(441, 'Fun Spot Kissimmee'),
(442, 'Story Land'),
(443, 'VR Park'),
(444, 'Parc du Petit Prince'),
(445, 'City Park'),
(446, 'Happy World'),
(447, 'Natural World Amusement Park'),
(448, 'Taipei Children\'s Amusement Park'),
(449, 'E-DA Theme Park'),
(450, 'Attractiepark Rotterdam'),
(451, 'Luna Park Sydney'),
(452, 'Luna Park Melbourne'),
(453, 'Ratanga Junction'),
(454, 'Farouk Land Annaba Parc'),
(455, 'Parc d\'Attraction BBA'),
(456, 'Djanat Al Ahlam'),
(457, 'Ulengo Center Glakeni'),
(458, 'Dream Park'),
(459, 'Geroland'),
(460, 'Crazy Park'),
(461, 'Sindibad'),
(462, 'Fun City'),
(463, 'Hannibal Park'),
(464, 'Happy Land Dahdah'),
(465, 'Soukra Parc'),
(466, 'Sonoma TrainTown Railroad'),
(467, 'Pixieland Amusement Park'),
(468, 'Oakland Zoo'),
(469, 'Happy Hollow Park and Zoo'),
(470, 'Quanzhou Amusement Park'),
(471, 'ZDT\'s Amusement Park'),
(472, 'Bay Beach Amusement Park'),
(473, 'Happy Valley Chengdu'),
(474, 'Fantasilandia'),
(475, 'Mampato'),
(476, 'Mundo Aventura'),
(477, 'Parque del Café'),
(478, 'Ácqua Lokos'),
(479, 'Alpen Park'),
(480, 'Hopi Hari'),
(481, 'Ita Center Park'),
(482, 'Mirabilandia Olinda'),
(483, 'Mirabilandia Paulista'),
(484, 'VulQano Park'),
(485, 'Coney Park'),
(486, 'Park Trombini'),
(487, 'Parque Mutirama'),
(488, 'Spasso Splash'),
(489, 'T-Rex Park Campinas'),
(490, 'Walter World'),
(491, 'Chicolandia'),
(492, 'Diverland'),
(493, 'Dunas'),
(494, 'Interpark'),
(495, 'Parque de Atracciones de Plaza Mayor'),
(496, 'Parque de Ferias San Jacinto'),
(497, 'Grano de Oro'),
(498, 'Parque Italo Americano'),
(499, 'Happy Valley Chongqing'),
(500, 'Happy Valley Tianjin'),
(501, 'Adlabs Imagica'),
(502, 'Adventure World'),
(503, 'Nanchang Wanda Park'),
(504, 'Hefei Wanda Theme Park'),
(505, 'Dreamland'),
(506, 'Oriental Heritage Jinan'),
(507, 'Oriental Heritage Wuhu'),
(508, 'CineCittà World'),
(509, 'Adventureland NY'),
(510, 'Lakemont Park'),
(511, 'Gulliver\'s World Warrington'),
(512, 'West Sands Fun Fair'),
(513, 'Kiddies Fun Fair'),
(514, 'Billing Aquadrome'),
(515, 'Hemsby Fun Park'),
(516, 'Sherwood Fun Park'),
(517, 'Animal Farm Adventure Park'),
(518, 'Flamingo Park'),
(519, 'Bayside Fun Park'),
(520, 'Tir Prince Family Funfair'),
(521, 'Coney Beach Pleasure Park'),
(522, 'Gulliver\'s Milton Keynes'),
(523, 'South Pier'),
(524, 'Old MacDonald\'s Farm'),
(525, 'Schloss Beck Freizeitpark'),
(526, 'Family Fun Fair'),
(527, 'Great Yarmouth Pleasure Beach'),
(528, 'Greenwood Forest Park'),
(529, 'Pavilion Fun Park'),
(530, 'Clifton Park Amusements'),
(531, 'Fantasy Island'),
(532, 'Wheelgate Adventure Park'),
(533, 'Dudley Zoological Gardens'),
(534, 'Wicksteed Park'),
(535, 'Funder Park'),
(536, 'New Brighton Funfair'),
(537, 'Clacton Pier'),
(538, 'Gulliver\'s Matlock Bath'),
(539, 'Crealy Adventure Park'),
(540, 'Joyland Childrens Fun Park'),
(541, 'Twinlakes Park'),
(542, 'Clarence Pier'),
(543, 'Knightly\'s Funfair'),
(544, 'Big Sheep'),
(545, 'Knowsley Safari Park'),
(546, 'Cleethorpes Park'),
(547, 'St Nicholas Park'),
(548, 'Fort Fun Amusement Park'),
(549, 'Pettitts Animal Adventure Park'),
(550, 'Cannon Hill Park'),
(551, 'Treasure Island Amusement Park'),
(552, 'Rainbow Park'),
(553, 'Camel Creek Adventure Park'),
(554, 'Harbour Park'),
(555, 'Böhmischer Prater'),
(556, 'Oriental Heritage Ningbo'),
(557, 'Oriental Heritage Xiamen'),
(558, 'Greenland'),
(559, 'Rusutsu Resort'),
(560, 'Seoul Land'),
(561, 'Fantawild Dreamland Zhuzhou'),
(562, 'Tayto Park'),
(563, 'Steinwasen Park'),
(564, 'Belmont Park'),
(565, 'Lewa Adventure'),
(566, 'Piratland'),
(567, 'Fantawild Dreamland Zhengzhou'),
(568, 'Hunderfossen Familiepark'),
(569, 'Romon U-Park'),
(570, 'Happy Valley Nanjing'),
(571, 'Chengdu Wanda City'),
(572, 'Heilongjiang Wanda Theme Park'),
(573, 'Hot Go Park'),
(574, 'EPCOT'),
(575, 'Oaks Amusement Park'),
(576, 'Futuroscope'),
(577, 'Aussie World'),
(578, 'Merimbula\'s Magic Mountain'),
(579, 'Gumbuya World'),
(580, 'Adventure Park Geelong'),
(581, 'Majaland Kownaty'),
(582, 'Nickelodeon Universe Theme Park'),
(583, 'Parko Paliatso'),
(584, 'Gorky Park'),
(585, 'Shengming Universal City'),
(586, 'Babyland-Amiland'),
(587, 'Columbus Zoo and Aquarium'),
(588, 'Victory Kingdom'),
(589, 'Karls Erlebnis-Dorf Elstal'),
(590, 'Galveston Island Historic Pleasure Pier'),
(591, 'La Feria Chapultepec Magico'),
(592, 'Zoomarine'),
(593, 'PPS Park Platja d\'Aro'),
(594, 'Royaume des Enfants (Cergy)'),
(595, 'Royaume des Enfants (Draveil)'),
(596, 'Ile des Loisirs d\'Etampes'),
(597, 'Family Fun Park'),
(598, 'Magic Galaxy'),
(599, 'Bosque Mágico'),
(600, 'Dream World'),
(601, 'Dunia Fantasi'),
(602, 'Jawa Timur Park 1'),
(603, 'Mikie Holiday Funland'),
(604, 'Legoland Malaysia'),
(605, 'Sunway Lagoon'),
(606, 'Suoi Tien Park'),
(607, 'Dam Sen Park'),
(608, 'Vinpearl Land Phu Quoc'),
(609, 'Vinpearl Land Hội An'),
(610, 'Vinpearl Land Ho Chi Minh'),
(611, 'Dragon Park Ha Long'),
(612, 'Sun World Danang Wonders'),
(613, 'OWA'),
(614, 'Legoland Dubai'),
(615, 'Plopsa Indoor Hasselt'),
(616, 'Xishuangbanna Theme Park'),
(617, 'Happy World (Nanjing)'),
(618, 'Quancheng Euro Park'),
(619, 'Fantawild Asian Legends'),
(620, 'Wuxi Sunac Land'),
(621, 'Hot Go Dreamworld'),
(622, 'Shaoxing Jinghu Theme Park'),
(623, 'Gyeongnam Mason Robotland'),
(624, 'Huayi Brothers Movie World'),
(625, '20th Century Fox World'),
(626, 'Sun Tzu Cultural Park'),
(627, 'Great Xingdong Tourist World'),
(628, 'Sesame Place'),
(629, 'Parc de la Récréation'),
(630, 'Safari Park'),
(631, 'Nairamdal Park'),
(632, 'Bobovka u mlýna'),
(633, 'Heipark'),
(634, 'Parc d\'Olhain'),
(635, 'Normandie Luge'),
(636, 'Les 7 Laux'),
(637, 'Plan Incliné'),
(638, 'La Bresse'),
(639, 'Markstein'),
(640, 'Monts Jura'),
(641, 'Cap Découverte'),
(642, 'Parc de loisirs du Hautacam'),
(643, 'Val d\'Allos'),
(644, 'Les Orres'),
(645, 'Risoul'),
(646, 'Autrans'),
(647, 'Alpe d\'Huez'),
(648, 'Saint François Longchamp'),
(649, 'La Sambuy'),
(650, 'Les Saisies'),
(651, 'Les Portes du Mont Blanc'),
(652, 'Domaine des Planards'),
(653, 'Krisna Funtastic Land'),
(654, 'Bali Safari and Marine Park'),
(655, 'Luna Park La Palmyre'),
(656, 'Wald Michelbach'),
(657, 'Freizeitsee Triolago'),
(658, 'De Waarbeek'),
(659, 'Julianatoren'),
(660, 'Kingoland'),
(661, 'Vulcania'),
(662, 'Haichang Ocean Park'),
(663, 'Fantawild Dreamland Wuhu'),
(664, 'Freizeitpark Familienland'),
(665, 'Fun Works'),
(666, 'Les Menuires'),
(667, 'Pirates Cove Fun Park'),
(668, 'Blackgang Chine'),
(669, 'Ölands Djur & Nöjespark'),
(670, 'Holiday World Maspalomas'),
(671, 'Family Park Medulin'),
(672, 'Speelpark Oud Valkeveen'),
(673, 'Amusementspark Tivoli'),
(674, 'Dinopark'),
(675, 'Kinderstad Heerlen'),
(676, 'New Jesolandia'),
(677, 'Gulliverlandia'),
(678, 'Golm'),
(679, 'La Colmiane'),
(680, 'Atallah Happy Land Park'),
(681, 'Fantawild Adventure Zhengzhou'),
(682, 'Nantong Adventure Land'),
(683, 'Loca Joy Holiday Theme Park'),
(684, 'Sochi-Park'),
(685, 'Visionland'),
(686, 'Discoveryland'),
(687, 'Adventure City (Anaheim)'),
(688, 'Gilroy Gardens Family Theme Park'),
(689, 'Mundo Petapa'),
(690, 'Window on China Theme Park'),
(691, 'Family Kingdom Amusement Park'),
(692, 'Las Vegas Mini Grand Prix'),
(693, 'Montgenèvre'),
(694, 'Molines-en-Queyras'),
(695, 'Serfaus Fiss Ladis'),
(696, 'Zillertal Arena'),
(697, 'Calaway Park'),
(698, 'Blue Mountain'),
(699, 'Carousel Gardens'),
(700, 'Eifelpark'),
(701, 'Sea Train Land'),
(702, 'Kariya-shi Kotsu Jido Yuen'),
(703, 'Akashi Park'),
(704, 'Tokushima Familyland'),
(705, 'New Reoma World'),
(706, 'Miroku no Sato'),
(707, 'Misaki Park'),
(708, 'Dymchurch Amusement Park'),
(709, 'Lake Winnie'),
(710, 'Clementon Park'),
(711, 'Water Park'),
(712, 'Tatzmania Löffingen'),
(713, 'Arnolds Park'),
(714, 'Benyland'),
(715, 'Brazilian Park Washuzan Highland'),
(716, 'Castle Park'),
(717, 'Chuanlord Holiday Manor'),
(718, 'Conneaut Lake Park'),
(719, 'Daqing Oilfield Paradise'),
(720, 'Barry Island Pleasure Park'),
(721, 'Universal\'s Epic Universe');

-- --------------------------------------------------------

--
-- Structure de la table `dim_rollercost`
--

CREATE TABLE `dim_rollercost` (
  `id_roller` int(11) DEFAULT NULL,
  `name` varchar(36) DEFAULT NULL,
  `material_type` varchar(25) DEFAULT NULL,
  `seating_type` varchar(13) DEFAULT NULL
) ENGINE=InnoDB DEFAULT CHARSET=utf8mb4 COLLATE=utf8mb4_general_ci;

--
-- Déchargement des données de la table `dim_rollercost`
--

INSERT INTO `dim_rollercost` (`id_roller`, `name`, `material_type`, `seating_type`) VALUES
(1, 'Goudurix', 'Steel', 'Sit Down'),
(2, 'Dream catcher', 'Steel', 'Suspended'),
(3, 'Alucinakis', 'Steel', 'Sit Down'),
(4, 'Anaconda', 'Wooden', 'Sit Down'),
(5, 'Azteka', 'Steel', 'Sit Down'),
(6, 'Bat Coaster', 'Steel', 'Inverted'),
(7, 'Batman : Arkham Asylum', 'Steel', 'Inverted'),
(8, 'Big Thunder Mountain', 'Steel', 'Sit Down'),
(9, 'EqWalizer', 'Steel', 'Sit Down'),
(10, 'Calamity Mine', 'Steel', 'Sit Down'),
(11, 'Casey Jr', ' le Petit Train du Cirque', 'Steel'),
(12, 'Cobra', 'Steel', 'Sit Down'),
(13, 'Coccinelle', 'Steel', 'Sit Down'),
(14, 'Coleoz\'Arbres', 'Steel', 'Sit Down'),
(15, 'Comet', 'Steel', 'Sit Down'),
(16, 'Course de Bobsleigh', 'Steel', 'Sit Down'),
(17, 'Cumbres', 'Steel', 'Sit Down'),
(18, 'Le Dragon de Bei Hai', 'Steel', 'Sit Down'),
(19, 'Euro Mir', 'Steel', 'Spinning'),
(20, 'Eurosat', 'Steel', 'Sit Down'),
(21, 'Expedition Ge Force', 'Steel', 'Sit Down'),
(22, 'Le Grand canyon', 'Steel', 'Sit Down'),
(23, 'Indiana Jones et le Temple du Péril', 'Steel', 'Sit Down'),
(24, 'Jaguar', 'Steel', 'Inverted'),
(25, 'Cop Car Chase (1)', 'Steel', 'Sit Down'),
(26, 'Loup Garou', 'Wooden', 'Sit Down'),
(27, 'Magnus Colossus', 'Wooden', 'Sit Down'),
(28, 'Oki Doki', 'Steel', 'Sit Down'),
(29, 'SOS Numerobis', 'Steel', 'Sit Down'),
(30, 'Poseïdon', 'Steel', 'Water Coaster'),
(31, 'Rock\'n Roller Coaster avec Aerosmith', 'Steel', 'Sit Down'),
(32, 'La Ronde des Rondins', 'Steel', 'Sit Down'),
(33, 'Silverstar', 'Steel', 'Sit Down'),
(34, 'Superman la Atraccion de Acero', 'Steel', 'Floorless'),
(35, 'La Trace du Hourra', 'Steel', 'Bobsleigh'),
(36, 'Stunt Fall', 'Steel', 'Sit Down'),
(37, 'Le Tigre de Sibérie', 'Steel', 'Sit Down'),
(38, 'Titánide', 'Steel', 'Inverted'),
(39, 'Tom y Jerry', 'Steel', 'Sit Down'),
(40, 'Psyké underground', 'Steel', 'Sit Down'),
(41, 'Tonnerre de Zeus', 'Wooden', 'Sit Down'),
(42, 'Tren Bravo (Left)', 'Steel', 'Sit Down'),
(43, 'Typhoon', 'Steel', 'Sit Down'),
(44, 'Schweizer Bobbahn', 'Steel', 'Bobsleigh'),
(45, 'Vampire', 'Steel', 'Inverted'),
(46, 'Le Vol d\'Icare', 'Steel', 'Sit Down'),
(47, 'Wild Train', 'Steel', 'Sit Down'),
(48, 'Bandit', 'Wooden', 'Sit Down'),
(49, 'Woodstock Express', 'Steel', 'Sit Down'),
(50, 'MP-Xpress', 'Steel', 'Inverted'),
(51, 'Train of Potosi', 'Steel', 'Sit Down'),
(52, 'Tornado', 'Steel', 'Inverted'),
(53, 'Tami Tami', 'Steel', 'Sit Down'),
(54, 'Tomahawk', 'Wooden', 'Sit Down'),
(55, 'Nemesis', 'Steel', 'Inverted'),
(56, 'Stampida (Red)', 'Wooden', 'Sit Down'),
(57, 'El Diablo', 'Steel', 'Sit Down'),
(58, 'Dragon Khan', 'Steel', 'Sit Down'),
(59, 'La Chenille', 'Steel', 'Sit Down'),
(60, 'Spatiale Experience', 'Steel', 'Sit Down'),
(61, 'Euro Loop', 'Steel', 'Sit Down'),
(62, 'Les Montagnes du Grand Canyon', 'Steel', 'Sit Down'),
(63, 'Serpent Hopi', 'Steel', 'Sit Down'),
(64, 'Family Coaster', 'Steel', 'Sit Down'),
(65, 'Le Train de la Mine d\'Or', 'Steel', 'Sit Down'),
(66, 'Spirale des Dunes', 'Steel', 'Sit Down'),
(67, 'Zigzag', 'Steel', 'Sit Down'),
(68, 'Mini Mouse Cartoon', 'Steel', 'Sit Down'),
(69, 'Train du Colorado', 'Steel', 'Sit Down'),
(70, 'Gaz Express', 'Steel', 'Sit Down'),
(71, 'Blue Tornado', 'Steel', 'Inverted'),
(72, 'Rexplorer', 'Steel', 'Sit Down'),
(73, 'Family Adventure', 'Steel', 'Sit Down'),
(74, 'Fuga da Atlantide', 'Steel', 'Water Coaster'),
(75, 'Jamming', 'Steel', 'Spinning'),
(76, 'Katun', 'Steel', 'Inverted'),
(77, 'Shaman', 'Steel', 'Sit Down'),
(78, 'Miniera d\'Oro', 'Steel', 'Sit Down'),
(79, 'Ortobruco Tour', 'Steel', 'Sit Down'),
(80, 'Gold Digger', 'Steel', 'Sit Down'),
(81, 'Sierra Tonante', 'Wooden', 'Sit Down'),
(82, 'Valle degli Gnomi', 'Steel', 'Sit Down'),
(83, 'X Speed', 'Steel', 'Sit Down'),
(84, 'Big Apple', 'Steel', 'Sit Down'),
(85, 'Buffalo Mountain Coaster', 'Steel', 'Sit Down'),
(86, 'Bullet', 'Steel', 'Sit Down'),
(87, 'Corkscrew', 'Steel', 'Sit Down'),
(88, 'Cyclone', 'Steel', 'Sit Down'),
(89, 'Dino Roller', 'Steel', 'Sit Down'),
(90, 'King Solomon\'s Mines', 'Steel', 'Sit Down'),
(91, 'Magnum Force', 'Steel', 'Sit Down'),
(92, 'Shockwave', 'Steel', 'Stand Up'),
(93, 'Super Dragon Coaster', 'Steel', 'Sit Down'),
(94, 'Thunder Mountain', 'Steel', 'Sit Down'),
(95, 'Traumatizer', 'Steel', 'Inverted'),
(96, 'Wild Mouse', 'Steel', 'Sit Down'),
(97, 'Wild Cat', 'Steel', 'Sit Down'),
(98, 'Galactica', 'Steel', 'Flying'),
(99, 'Avalanche', 'Steel', 'Bobsleigh'),
(100, 'Beastie', 'Steel', 'Sit Down'),
(101, 'Big Apple', 'Steel', 'Sit Down'),
(102, 'Black Hole', 'Steel', 'Sit Down'),
(103, 'Little Dipper', 'Steel', 'Sit Down'),
(104, 'Corkscrew', 'Steel', 'Sit Down'),
(105, 'Dragon', 'Steel', 'Sit Down'),
(106, 'Dragon\'s Apprentice', 'Steel', 'Sit Down'),
(107, 'Grizzly Bear', 'Steel', 'Sit Down'),
(108, 'Revolution', 'Steel', 'Sit Down'),
(109, 'Jungle Coaster', 'Steel', 'Sit Down'),
(110, 'Lady Bird', 'Steel', 'Sit Down'),
(111, 'Circus Clown', 'Steel', 'Sit Down'),
(112, 'Oblivion', 'Steel', 'Sit Down'),
(113, 'Hyper Space Mountain', 'Steel', 'Sit Down'),
(114, 'Big One', 'Steel', 'Sit Down'),
(115, 'Raptor Attack', 'Steel', 'Sit Down'),
(116, 'Rita', 'Steel', 'Sit Down'),
(117, 'Nickelodeon Streak', 'Wooden', 'Sit Down'),
(118, 'Runaway Mine Train', 'Steel', 'Sit Down'),
(119, 'Space Invader 2', 'Steel', 'Sit Down'),
(120, 'Spinball Whizzer', 'Steel', 'Spinning'),
(121, 'Steeplechase (Left)', 'Steel', 'Sit Down'),
(122, 'Twister', 'Steel', 'Sit Down'),
(123, 'Ultimate', 'Steel', 'Sit Down'),
(124, 'Wild Mouse', 'Wooden', 'Sit Down'),
(125, 'Blue Flyer', 'Steel', 'Sit Down'),
(126, 'Colossus', 'Steel', 'Sit Down'),
(127, 'Dragon\'s Fury', 'Steel', 'Spinning'),
(128, 'Fantasy Mouse', 'Steel', 'Sit Down'),
(129, 'Jellikins Coaster', 'Steel', 'Sit Down'),
(130, 'Jubilee Odyssey', 'Steel', 'Inverted'),
(131, 'Millennium Roller Coaster', 'Steel', 'Sit Down'),
(132, 'Nemesis Inferno', 'Steel', 'Inverted'),
(133, 'Rattlesnake', 'Steel', 'Sit Down'),
(134, 'Rhombus\'s Rocket', 'Steel', 'Sit Down'),
(135, 'Scorpion Express', 'Steel', 'Sit Down'),
(136, 'Strawberry Junior Coaster', 'Steel', 'Sit Down'),
(137, 'Vampire', 'Steel', 'Suspended'),
(138, 'The Walking Dead - The Ride', 'Steel', 'Sit Down'),
(139, 'Kingda Ka', 'Steel', 'Sit Down'),
(140, 'Formule 1', 'Steel', 'Sit Down'),
(141, 'Do-Dodonpa', 'Steel', 'Sit Down'),
(142, 'Boomerang', 'Steel', 'Sit Down'),
(143, 'Hades 360', 'Hybrid', 'Sit Down'),
(144, 'Top Thrill Dragster', 'Steel', 'Sit Down'),
(145, 'SheiKra', 'Steel', 'Floorless'),
(146, 'Matterhorn Blitz', 'Steel', 'Sit Down'),
(147, 'X2', 'Steel', '4th Dimension'),
(148, 'Kanonen', 'Steel', 'Sit Down'),
(149, 'Backlot Stunt Coaster', 'Steel', 'Sit Down'),
(150, 'Hydra the Revenge', 'Steel', 'Floorless'),
(151, 'Flash Back', 'Steel', 'Sit Down'),
(152, 'Déjà Vu', 'Steel', 'Sit Down'),
(153, 'Bizarro', 'Steel', 'Floorless'),
(154, 'Atlantica SuperSplash', 'Steel', 'Water Coaster'),
(155, 'Nitro', 'Steel', 'Sit Down'),
(156, 'Millennium Force', 'Steel', 'Sit Down'),
(157, '1066: Spirit of the Conqueror', 'Steel', 'Sit Down'),
(158, 'PowderKeg', 'Steel', 'Sit Down'),
(159, 'Monstre (Blue)', 'Wooden', 'Sit Down'),
(160, 'Viper', 'Steel', 'Sit Down'),
(161, 'Superman : Escape from Krypton', 'Steel', 'Sit Down'),
(162, 'Riddler\'s Revenge', 'Steel', 'Stand Up'),
(163, 'Goliath', 'Steel', 'Sit Down'),
(164, 'Batman the Ride', 'Steel', 'Inverted'),
(165, 'Canyon Blaster', 'Steel', 'Sit Down'),
(166, 'Gold Rusher', 'Steel', 'Sit Down'),
(167, 'Magic Flyer', 'Steel', 'Sit Down'),
(168, 'Xcelerator', 'Steel', 'Sit Down'),
(169, 'Incredible Hulk', 'Steel', 'Sit Down'),
(170, 'Goliath', 'Steel', 'Sit Down'),
(171, 'Son of Beast', 'Wooden', 'Sit Down'),
(172, 'Drakkar Express', 'Steel', 'Sit Down'),
(173, 'Beast', 'Wooden', 'Sit Down'),
(174, 'Xpress : Platform 13', 'Steel', 'Sit Down'),
(175, 'Super Wirbel', 'Steel', 'Sit Down'),
(176, 'Iron Wolf', 'Steel', 'Stand Up'),
(177, 'Demon', 'Steel', 'Sit Down'),
(178, 'American Eagle', 'Wooden', 'Sit Down'),
(179, 'TGV des Etoiles', 'Steel', 'Sit Down'),
(180, 'Colossos', 'Wooden', 'Sit Down'),
(181, 'Gravity Max', 'Steel', 'Sit Down'),
(182, 'Storm Runner', 'Steel', 'Sit Down'),
(183, 'G Force', 'Steel', 'Sit Down'),
(184, 'Dragon Challenge : Chinese Fireball', 'Steel', 'Inverted'),
(185, 'Balder', 'Wooden', 'Sit Down'),
(186, 'Great American Scream Machine', 'Steel', 'Sit Down'),
(187, 'King', 'Steel', 'Sit Down'),
(188, 'Crazy Mouse', 'Steel', 'Sit Down'),
(189, 'Fireball', 'Steel', 'Sit Down'),
(190, 'Olympia looping', 'Steel', 'Sit Down'),
(191, 'Looping', 'Steel', 'Sit Down'),
(192, 'Kamikaze', 'Steel', 'Sit Down'),
(193, 'Free Fall', 'Steel', 'Sit Down'),
(194, 'Le Train de la Mine', 'Steel', 'Sit Down'),
(195, 'Blue Streak', 'Wooden', 'Sit Down'),
(196, 'Tsunami', 'Steel', 'Inverted'),
(197, 'Big Dipper', 'Steel', 'Sit Down'),
(198, 'Tokaido Express 2', 'Steel', 'Sit Down'),
(199, 'Pomme (la)', 'Steel', 'Sit Down'),
(200, 'Eurostar', 'Steel', 'Inverted'),
(401, 'Road Runner Express', 'Steel', 'Sit Down'),
(402, 'Roller Skater', 'Steel', 'Sit Down'),
(403, 'T3', 'Steel', 'Inverted'),
(404, 'Thunder Run', 'Wooden', 'Sit Down'),
(405, 'Twisted Twins', 'Wooden', 'Sit Down'),
(406, 'Boomerang Coast to Coaster', 'Steel', 'Sit Down'),
(407, 'Cobra', 'Steel', 'Sit Down'),
(408, 'Kong', 'Steel', 'Inverted'),
(409, 'Medusa', 'Steel', 'Floorless'),
(410, 'Roadrunner Express', 'Steel', 'Sit Down'),
(411, 'Roar', 'Wooden', 'Sit Down'),
(412, 'Vertical Velocity', 'Steel', 'Sit Down'),
(413, 'Patriot', 'Steel', 'Inverted'),
(414, 'Mamba', 'Steel', 'Sit Down'),
(415, 'Timber Wolf', 'Wooden', 'Sit Down'),
(416, 'Boomerang', 'Steel', 'Sit Down'),
(417, 'Spinning Dragons', 'Steel', 'Spinning'),
(418, 'Cosmic Coaster', 'Steel', 'Sit Down'),
(419, 'Batman the Ride', 'Steel', 'Inverted'),
(420, 'Boomerang', 'Steel', 'Sit Down'),
(421, 'Medusa', 'Wooden', 'Sit Down'),
(422, 'Roller', 'Steel', 'Sit Down'),
(423, 'Superman El Último Escape', 'Steel', 'Sit Down'),
(424, 'Tsunami', 'Steel', 'Sit Down'),
(425, '1001 Pattes (Perc)', 'Steel', 'Sit Down'),
(426, 'Achterbahn', 'Steel', 'Sit Down'),
(427, 'Ala delta', 'Steel', 'Suspended'),
(428, 'Alpina Bahn', 'Steel', 'Sit Down'),
(429, 'Avalanche', 'Steel', 'Sit Down'),
(430, 'Baby Pomme', 'Steel', 'Sit Down'),
(431, 'Bugs & Bees', 'Steel', 'Sit Down'),
(432, 'Chattanooga Choo Choo', 'Steel', 'Sit Down'),
(433, 'Cobra', 'Steel', 'Sit Down'),
(434, 'Crazy Coaster', 'Steel', 'Sit Down'),
(435, 'Crazy Coaster', 'Steel', 'Sit Down'),
(436, 'Blazing Fury', 'Steel', 'Sit Down'),
(437, 'Sideshow Spin', 'Steel', 'Sit Down'),
(438, 'Thunderhead', 'Wooden', 'Sit Down'),
(439, 'Tennessee Tornado', 'Steel', 'Sit Down'),
(440, 'Tower of Terror', 'Steel', 'Sit Down'),
(441, 'Run A Way Mine Train', 'Steel', 'Sit Down'),
(442, 'Jozi Express', 'Steel', 'Sit Down'),
(443, 'Golden Loop', 'Steel', 'Sit Down'),
(444, 'Anaconda', 'Steel', 'Inverted'),
(445, 'Batman The Ride', 'Steel', 'Inverted'),
(446, 'Déjà Vu', 'Steel', 'Sit Down'),
(447, 'Whizzer', 'Steel', 'Sit Down'),
(448, 'Viper', 'Wooden', 'Sit Down'),
(449, 'Vertical Velocity', 'Steel', 'Sit Down'),
(450, 'Superman - Ultimate Flight', 'Steel', 'Flying'),
(451, 'Spacely\'s Sprocket Rockets', 'Steel', 'Sit Down'),
(452, 'Ragin\' Cajun', 'Steel', 'Spinning'),
(453, 'Great American Scream Machine', 'Wooden', 'Sit Down'),
(454, 'Goliath', 'Steel', 'Sit Down'),
(455, 'Georgia Scorcher', 'Steel', 'Stand Up'),
(456, 'Batman The Ride', 'Steel', 'Inverted'),
(457, 'Dahlonega Mine Train', 'Steel', 'Sit Down'),
(458, 'Déjà Vu', 'Steel', 'Sit Down'),
(459, 'Georgia Cyclone', 'Wooden', 'Sit Down'),
(460, 'Galaxy Express 999', 'Steel', 'Sit Down'),
(461, 'Batman And Robin: The Chiller', 'Steel', 'Sit Down'),
(462, 'Batman The Ride', 'Steel', 'Inverted'),
(463, 'Harley Quinn Crazy Train', 'Steel', 'Sit Down'),
(464, 'Road Runner Railway', 'Steel', 'Sit Down'),
(465, 'Rolling Thunder', 'Wooden', 'Sit Down'),
(466, 'Runaway Mine Train', 'Steel', 'Sit Down'),
(467, 'Skull Mountain', 'Wooden', 'Sit Down'),
(468, 'Superman - Ultimate Flight', 'Steel', 'Flying'),
(469, 'Dragon Coaster', 'Steel', 'Sit Down'),
(470, 'Laser', 'Steel', 'Sit Down'),
(471, 'Steel Force', 'Steel', 'Sit Down'),
(472, 'Talon', 'Steel', 'Inverted'),
(473, 'Thunderhawk', 'Wooden', 'Sit Down'),
(474, 'Wild Mouse', 'Steel', 'Sit Down'),
(475, 'Little Laser', 'Steel', 'Sit Down'),
(476, 'Woodstock\'s Express', 'Steel', 'Sit Down'),
(477, 'Boomerang', 'Steel', 'Sit Down'),
(478, 'Crazy Mouse', 'Steel', 'Sit Down'),
(479, 'Dragon', 'Steel', 'Sit Down'),
(480, 'Elf', 'Steel', 'Sit Down'),
(481, 'La Marche du mille-pattes', 'Steel', 'Sit Down'),
(482, 'Super Manège', 'Steel', 'Sit Down'),
(483, 'Fantastic Coaster Rowdy', 'Steel', 'Sit Down'),
(484, 'Toboggan Nordique', 'Steel', 'Sit Down'),
(485, 'Peekaboo Town', 'Steel', 'Sit Down'),
(486, 'Red Falcon', 'Steel', 'Sit Down'),
(487, 'Flounder\'s Flying Fish Coaster', 'Steel', 'Sit Down'),
(488, 'Fire In The Hole', 'Steel', 'Sit Down'),
(489, 'Grand Exposition Coaster', 'Steel', 'Sit Down'),
(490, 'Thunderation', 'Steel', 'Sit Down'),
(491, 'Wildfire', 'Steel', 'Sit Down'),
(492, 'Anaconda', 'Steel', 'Sit Down'),
(493, 'Avalanche', 'Steel', 'Bobsleigh'),
(494, 'Flight of Fear', 'Steel', 'Sit Down'),
(495, 'Grizzly', 'Wooden', 'Sit Down'),
(496, 'Hurler', 'Wooden', 'Sit Down'),
(497, 'Back Lot Stunt Coaster', 'Steel', 'Sit Down'),
(498, 'Racer 75 (Left)', 'Wooden', 'Sit Down'),
(499, 'Apple Zapple', 'Steel', 'Sit Down'),
(500, 'Woodstock Express', 'Steel', 'Sit Down'),
(501, 'Shockwave', 'Steel', 'Stand Up'),
(502, 'Great Pumpkin Coaster', 'Steel', 'Sit Down'),
(503, 'Chenille (la)', 'Steel', 'Sit Down'),
(504, 'Aska', 'Wooden', 'Sit Down'),
(505, 'Flight of the Hippogriff', 'Steel', 'Sit Down'),
(506, 'Pteranodon Flyers', 'Steel', 'Suspended'),
(507, 'Dragon', 'Steel', 'Sit Down'),
(508, 'Outlaw', 'Wooden', 'Sit Down'),
(509, 'Tornado', 'Steel', 'Sit Down'),
(510, 'Steampunk Coaster Iron Bull', 'Steel', 'Sit Down'),
(511, 'Gran Montserrat', 'Steel', 'Sit Down'),
(512, 'Pyrenees', 'Steel', 'Inverted'),
(513, 'Fujiyama', 'Steel', 'Sit Down'),
(514, 'Voyage Dans Le Ciel', 'Steel', 'Suspended'),
(515, 'Mad Mouse', 'Steel', 'Sit Down'),
(516, 'Zola 7', 'Steel', 'Sit Down'),
(517, 'Rock \'N Roll Duncan', 'Steel', 'Sit Down'),
(518, 'Drachenritt', 'Steel', 'Sit Down'),
(519, 'Rasende Tausendfüssler', 'Steel', 'Sit Down'),
(520, 'Daidarasaurus', 'Steel', 'Sit Down'),
(521, 'Family Coaster', 'Steel', 'Sit Down'),
(522, 'Fujin Raijin II', 'Steel', 'Stand Up'),
(523, 'Mini Coaster', 'Steel', 'Sit Down'),
(524, 'Orochi', 'Steel', 'Inverted'),
(525, 'Space Salamander', 'Steel', 'Sit Down'),
(526, 'Wild Mouse', 'Steel', 'Sit Down'),
(527, 'Demon', 'Steel', 'Sit Down'),
(528, 'Grizzly', 'Steel', 'Sit Down'),
(529, 'Psycho Mouse', 'Steel', 'Sit Down'),
(530, 'Woodstock Express', 'Steel', 'Sit Down'),
(531, 'Lucy\'s Crabbie Cabbies', 'Steel', 'Sit Down'),
(532, 'Flight Deck', 'Steel', 'Inverted'),
(533, 'Patriot', 'Steel', 'Floorless'),
(534, 'Arkansas Twister', 'Steel', 'Sit Down'),
(535, 'Diamond Mine Run', 'Steel', 'Sit Down'),
(536, 'Gauntlet', 'Steel', 'Inverted'),
(537, 'Twist \'n\' Shout', 'Steel', 'Sit Down'),
(538, 'X Coaster', 'Steel', 'Sit Down'),
(539, 'Big Bad John', 'Steel', 'Sit Down'),
(540, 'Montaña Rusa', 'Steel', 'Sit Down'),
(541, 'Virtual Express', 'Steel', 'Sit Down'),
(542, 'Half Pipe', 'Steel', 'Sit Down'),
(543, 'Jet Star', 'Steel', 'Sit Down'),
(544, 'Korkkiruuvi', 'Steel', 'Sit Down'),
(545, 'Tornado', 'Steel', 'Inverted'),
(546, 'Trombi', 'Steel', 'Flying'),
(547, 'Vauhtimato', 'Steel', 'Sit Down'),
(548, 'Avalancha', 'Steel', 'Sit Down'),
(549, 'Choconoy', 'Steel', 'Sit Down'),
(550, 'Boomerang', 'Steel', 'Sit Down'),
(551, 'Cyclon', 'Steel', 'Sit Down'),
(552, 'Tulireki', 'Steel', 'Sit Down'),
(553, 'Vonkaputous', 'Steel', 'Water Coaster'),
(554, 'La Coccinelle', 'Steel', 'Sit Down'),
(555, 'Linnunrata', 'Steel', 'Sit Down'),
(556, 'Pikajuna', 'Steel', 'Sit Down'),
(557, 'Motorbike Coaster', 'Steel', 'Motorbike'),
(558, 'Half Pipe', 'Steel', 'Sit Down'),
(559, '10 Inversion Roller Coaster', 'Steel', 'Sit Down'),
(560, 'Batman - The Ride', 'Steel', 'Inverted'),
(561, 'Jester', 'Steel', 'Sit Down'),
(562, 'Mega Zeph', 'Wooden', 'Sit Down'),
(563, 'Muskrat Scrambler', 'Steel', 'Sit Down'),
(564, 'Road Runner\'s Express', 'Steel', 'Sit Down'),
(565, 'Zydeco Scream', 'Steel', 'Sit Down'),
(566, 'Bat', 'Steel', 'Sit Down'),
(567, 'Dragon Fire', 'Steel', 'Sit Down'),
(568, 'Fly', 'Steel', 'Sit Down'),
(569, 'Back Lot Stunt Coaster', 'Steel', 'Sit Down'),
(570, 'Mighty Canadian Minebuster', 'Wooden', 'Sit Down'),
(571, 'Ghoster Coaster', 'Wooden', 'Sit Down'),
(572, 'Silver Streak', 'Steel', 'Inverted'),
(573, 'SkyRider', 'Steel', 'Stand Up'),
(574, 'Taxi Jam', 'Steel', 'Sit Down'),
(575, 'Thunder Run', 'Steel', 'Sit Down'),
(576, 'Time Warp', 'Steel', 'Flying'),
(577, 'Flight Deck', 'Steel', 'Inverted'),
(578, 'Vortex', 'Steel', 'Suspended'),
(579, 'Wild Beast', 'Wooden', 'Sit Down'),
(580, 'Clown Coaster', 'Steel', 'Sit Down'),
(581, 'Megafobia', 'Wooden', 'Sit Down'),
(582, 'Speed', 'Steel', 'Sit Down'),
(583, 'Treetops Rollercoaster', 'Steel', 'Sit Down'),
(584, 'Hundeprut', 'Steel', 'Sit Down'),
(585, 'Vild-Svinet', 'Steel', 'Sit Down'),
(586, 'Eejanaika', 'Steel', '4th Dimension'),
(587, 'Nighthawk ', 'Steel', 'Flying'),
(588, 'Carolina Cyclone', 'Steel', 'Sit Down'),
(589, 'Carolina Goldrusher', 'Hybrid', 'Sit Down'),
(590, 'Dragon (le)', 'Steel', 'Sit Down'),
(591, 'Boulder Dash', 'Wooden', 'Sit Down'),
(592, 'Shivering Timbers', 'Steel', 'Sit Down'),
(593, 'Woodstock Express', 'Wooden', 'Sit Down'),
(594, 'Flying Super Saturator', 'Steel', 'Suspended'),
(595, 'Lucy\'s Crabbie Cabbie', 'Steel', 'Sit Down'),
(596, 'Hurler', 'Steel', 'Sit Down'),
(597, 'Ricochet', 'Steel', 'Sit Down'),
(598, 'Kiddy Hawk', 'Steel', 'Suspended'),
(599, 'Thunder Road (Left)', 'Wooden', 'Sit Down'),
(600, 'Afterburn', 'Steel', 'Inverted'),
(601, 'Vortex', 'Steel', 'Stand Up'),
(602, 'Man-O-War', 'Steel', 'Sit Down'),
(603, 'Skycar', 'Steel', 'Sit Down'),
(604, 'Steel Dragon 2000', 'Steel', 'Sit Down'),
(605, 'Ultra Twister', 'Steel', 'Pipeline'),
(606, 'Bobkart', 'Steel', 'Sit Down'),
(607, 'Children Coaster', 'Steel', 'Sit Down'),
(608, 'Corkscrew', 'Steel', 'Sit Down'),
(609, 'Jet Coaster', 'Steel', 'Sit Down'),
(610, 'Looping Star', 'Steel', 'Sit Down'),
(611, 'Shuttle Loop', 'Steel', 'Sit Down'),
(612, 'White Cyclone', 'Wooden', 'Sit Down'),
(613, 'Wild Mouse', 'Steel', 'Sit Down'),
(614, 'Autosled', 'Steel', 'Sit Down'),
(615, 'MindBender', 'Steel', 'Sit Down'),
(616, 'Kiddie Coaster', 'Steel', 'Sit Down'),
(617, 'Wildcat', 'Steel', 'Sit Down'),
(618, 'Zoomerang', 'Steel', 'Sit Down'),
(619, 'Die Vliegende Hollander', 'Steel', 'Water Coaster'),
(620, 'Wild Mouse', 'Steel', 'Spinning'),
(621, 'Big Dipper', 'Steel', 'Sit Down'),
(622, 'Corkscrew', 'Steel', 'Sit Down'),
(623, 'Mad Mouse', 'Steel', 'Sit Down'),
(624, 'Wolverine Wildcat', 'Wooden', 'Sit Down'),
(625, 'Halvar', 'Steel', 'Sit Down'),
(626, 'Viktor\'s Race', 'Steel', 'Sit Down'),
(627, 'Draak', 'Steel', 'Sit Down'),
(628, 'K3 Roller Skater', 'Steel', 'Sit Down'),
(629, 'SuperSplash', 'Steel', 'Water Coaster'),
(630, 'Vleermuis (Right)', 'Steel', 'Suspended'),
(631, 'Batflyer', 'Steel', 'Suspended'),
(632, 'Big Boom', 'Steel', 'Sit Down'),
(633, 'Camel Coaster', 'Steel', 'Sit Down'),
(634, 'Dragon', 'Steel', 'Sit Down'),
(635, 'F2 Fright Flight', 'Steel', 'Inverted'),
(636, 'Lightning Coaster', 'Steel', 'Sit Down'),
(637, 'Panic Drive', 'Steel', 'Sit Down'),
(638, 'Spin Turn', 'Steel', 'Spinning'),
(639, 'Thunder Coaster', 'Steel', 'Sit Down'),
(640, 'Bob Express', 'Steel', 'Sit Down'),
(641, 'Ghost Chasers', 'Steel', 'Sit Down'),
(642, 'Backyardigans: Mission to Mars', 'Steel', 'Sit Down'),
(643, 'Dragon', 'Steel', 'Sit Down'),
(644, 'La Machine à Vapeur', 'Steel', 'Sit Down'),
(645, 'Furio', 'Steel', 'Sit Down'),
(646, 'Tornado', 'Steel', 'Sit Down'),
(647, 'Drakkar', 'Steel', 'Sit Down'),
(648, 'Pomme', 'Steel', 'Sit Down'),
(649, 'Falken', 'Steel', 'Sit Down'),
(650, 'Flagermusen', 'Steel', 'Sit Down'),
(651, 'Mini Lynet', 'Steel', 'Sit Down'),
(652, 'Mine Expressen', 'Steel', 'Sit Down'),
(653, 'Boomerang', 'Steel', 'Sit Down'),
(654, 'Caterpillar', 'Steel', 'Sit Down'),
(655, 'Looping TL 59', 'Steel', 'Sit Down'),
(656, 'Dæmonen', 'Steel', 'Floorless'),
(657, 'Karavanen', 'Steel', 'Sit Down'),
(658, 'Odin Ekspressen', 'Steel', 'Sit Down'),
(659, 'Rutschebanen', 'Wooden', 'Sit Down'),
(660, 'Great White', 'Steel', 'Inverted'),
(661, 'Super Grover\'s Box Car Derby', 'Steel', 'Sit Down'),
(662, 'Steel Eel', 'Steel', 'Sit Down'),
(663, 'Journey to Atlantis', 'Steel', 'Water Coaster'),
(664, 'Super Grover\'s Box Car Derby', 'Steel', 'Sit Down'),
(665, 'Journey to Atlantis', 'Steel', 'Water Coaster'),
(666, 'Thunder Loop', 'Steel', 'Sit Down'),
(667, 'Donderstenen', 'Steel', 'Sit Down'),
(668, 'Tornado', 'Steel', 'Sit Down'),
(669, 'Speedy Bob (Left)', 'Steel', 'Sit Down'),
(670, 'Rioolrat', 'Steel', 'Sit Down'),
(671, 'Mine Train', 'Steel', 'Sit Down'),
(672, 'Wilderness Run', 'Steel', 'Sit Down'),
(673, 'Mine Coaster', 'Steel', 'Sit Down'),
(674, 'Snow Mountain Flying Dragon', 'Steel', 'Inverted'),
(675, 'Kikker-8-Baan', 'Steel', 'Sit Down'),
(676, 'Crazy Mine', 'Steel', 'Sit Down'),
(677, 'Nessie Superrollercoaster', 'Steel', 'Sit Down'),
(678, 'Rasender Roland', 'Steel', 'Sit Down'),
(679, 'Drachenjagd', 'Steel', 'Sit Down'),
(680, 'Feuerdrache', 'Steel', 'Sit Down'),
(681, 'Project X - Test Strecke', 'Steel', 'Sit Down'),
(682, 'Barnstormer', 'Steel', 'Sit Down'),
(683, 'Green Scream', 'Steel', 'Sit Down'),
(684, 'Mighty Mini Mega', 'Steel', 'Sit Down'),
(685, 'Cirkusexpressen', 'Steel', 'Sit Down'),
(686, 'Lisebergbanan', 'Steel', 'Sit Down'),
(687, 'Cyclops', 'Steel', 'Sit Down'),
(688, 'Little Titans', 'Steel', 'Sit Down'),
(689, 'Opa', 'Steel', 'Sit Down'),
(690, 'Pegasus', 'Steel', 'Sit Down'),
(691, 'Zeus', 'Wooden', 'Sit Down'),
(692, 'Comet', 'Steel', 'Sit Down'),
(693, 'Lightning Racer (Thunder)', 'Wooden', 'Sit Down'),
(694, 'Roller Soaker', 'Steel', 'Water Coaster'),
(695, 'Sidewinder', 'Steel', 'Sit Down'),
(696, 'Sooperdooperlooper', 'Steel', 'Sit Down'),
(697, 'Trailblazer', 'Steel', 'Sit Down'),
(698, 'Wild Mouse', 'Steel', 'Sit Down'),
(699, 'Wildcat', 'Wooden', 'Sit Down'),
(700, 'Labyrinth', 'Steel', 'Sit Down'),
(701, 'Jet Coaster', 'Steel', 'Sit Down'),
(702, 'Imorinth', 'Steel', 'Sit Down'),
(703, 'Diavlo', 'Steel', 'Inverted'),
(704, 'Diving Machine G5', 'Steel', 'Sit Down'),
(705, 'Diving Machine Jr.', 'Steel', 'Sit Down'),
(706, 'Insane Speed', 'Steel', 'Floorless'),
(707, 'Dragen', 'Steel', 'Sit Down'),
(708, 'Timber Ride', 'Steel', 'Sit Down'),
(709, 'Eden Rail', 'Steel', 'Sit Down'),
(710, 'Chenille', 'Steel', 'Sit Down'),
(711, 'Maverick', 'Steel', 'Sit Down'),
(712, 'AfterBurner', 'Steel', 'Sit Down'),
(713, 'Big Whirl Wind', 'Steel', 'Sit Down'),
(714, 'Flitzer', 'Steel', 'Sit Down'),
(715, 'Star Wars', 'Steel', 'Spinning'),
(716, 'Whirl Wind', 'Steel', 'Sit Down'),
(717, 'Magic Mountain', 'Steel', 'Sit Down'),
(718, 'Verde Bruco Brucomela', 'Steel', 'Sit Down'),
(719, 'Crazy Mouse', 'Steel', 'Sit Down'),
(720, 'Fantasy Mouse', 'Steel', 'Sit Down'),
(721, 'Gioco Farfalla', 'Steel', 'Sit Down'),
(722, 'Speedy Gonzales', 'Steel', 'Sit Down'),
(723, 'Segreti Della Terra', 'Steel', 'Sit Down'),
(724, 'Brucomela', 'Steel', 'Sit Down'),
(725, 'Looping Star', 'Steel', 'Sit Down'),
(726, 'Nessie', 'Steel', 'Sit Down'),
(727, 'Treno delle miniere', 'Steel', 'Sit Down'),
(728, 'Tokaida', 'Steel', 'Sit Down'),
(729, 'Orca Ride', 'Steel', 'Sit Down'),
(730, 'Big Apple', 'Steel', 'Sit Down'),
(731, 'Crazy Train', 'Steel', 'Sit Down'),
(732, 'Looping Star', 'Steel', 'Sit Down'),
(733, 'Renegade', 'Wooden', 'Sit Down'),
(734, 'Crush\'s Coaster', 'Steel', 'Spinning'),
(735, 'Fiesta Express', 'Steel', 'Sit Down'),
(736, 'Galaxy Spin', 'Steel', 'Sit Down'),
(737, 'Dragon', 'Steel', 'Sit Down'),
(738, 'Starliner', 'Steel', 'Sit Down'),
(739, 'Flying School', 'Steel', 'Suspended'),
(740, 'Coastersaurus', 'Steel', 'Sit Down'),
(741, 'Devil\'s Mine', 'Steel', 'Sit Down'),
(742, 'Marienkäferbahn', 'Steel', 'Sit Down'),
(743, 'Speedsnake FREE', 'Steel', 'Sit Down'),
(744, 'Snoopy\'s Great Race', 'Steel', 'Sit Down'),
(745, 'Dragen', 'Steel', 'Sit Down'),
(746, 'Orkanens Øje', 'Steel', 'Sit Down'),
(747, 'Tyfonen', 'Steel', 'Sit Down'),
(748, 'Boomerang', 'Steel', 'Sit Down'),
(749, 'GhostRider', 'Wooden', 'Sit Down'),
(750, 'Jaguar!', 'Steel', 'Sit Down'),
(751, 'Montezooma\'s Revenge', 'Steel', 'Sit Down'),
(752, 'Silver Bullet', 'Steel', 'Inverted'),
(753, 'Timberline Twister', 'Steel', 'Sit Down'),
(754, 'Train de la Mine', 'Steel', 'Sit Down'),
(755, 'Furius Baco', 'Steel', 'Wing'),
(756, 'Hollywood Dream : The Ride', 'Steel', 'Sit Down'),
(757, 'Kirnu', 'Steel', '4th Dimension'),
(758, 'Big Coaster', 'Steel', 'Sit Down'),
(759, 'Cyclone', 'Steel', 'Sit Down'),
(760, 'Texas Tornado', 'Steel', 'Sit Down'),
(761, 'Cobra', 'Steel', 'Sit Down'),
(762, 'Desert Race', 'Steel', 'Sit Down'),
(763, 'Flying Fish', 'Steel', 'Sit Down'),
(764, 'Griffon', 'Steel', 'Floorless'),
(765, 'Journey To Atlantis', 'Steel', 'Water Coaster'),
(766, 'Heiße Fahrt', 'Steel', 'Sit Down'),
(767, 'Mystery Mine', 'Steel', 'Sit Down'),
(768, 'Mariehønen', 'Steel', 'Sit Down'),
(769, 'Mine Train Ulven', 'Steel', 'Sit Down'),
(770, 'Racing', 'Steel', 'Sit Down'),
(771, 'Rutschebanen', 'Steel', 'Sit Down'),
(772, 'Falcon', 'Steel', 'Sit Down'),
(773, 'Wipeout', 'Steel', 'Sit Down'),
(774, 'Enigma', 'Steel', 'Sit Down'),
(775, 'Snake In The Grass', 'Steel', 'Sit Down'),
(776, 'Família Expressz', 'Steel', 'Sit Down'),
(777, 'Hullámvasút', 'Steel', 'Sit Down'),
(778, 'Kukomotív', 'Steel', 'Sit Down'),
(779, 'Looping Star', 'Steel', 'Sit Down'),
(780, 'Kumba', 'Steel', 'Inverted'),
(781, 'Loop 2000', 'Steel', 'Sit Down'),
(782, 'Hello Kitty Angel Coaster', 'Steel', 'Sit Down'),
(783, 'Loop Screw', 'Steel', 'Sit Down'),
(784, 'Bandit', 'Steel', 'Sit Down'),
(785, 'Standing & Loop Coaster', 'Steel', 'Stand Up'),
(786, 'Wan Wan Coaster Wandit', 'Steel', 'Sit Down'),
(787, 'White Canyon', 'Steel', 'Sit Down'),
(788, 'Doo Wopper', 'Steel', 'Sit Down'),
(789, 'Flitzer', 'Steel', 'Sit Down'),
(790, 'Fly the Great Nor\'Easter', 'Steel', 'Inverted'),
(791, 'Great White', 'Wooden', 'Sit Down'),
(792, 'Rollies Coaster', 'Steel', 'Sit Down'),
(793, 'Sea Serpent', 'Steel', 'Sit Down'),
(794, 'SL Coaster', 'Steel', 'Sit Down'),
(795, 'Blauer Enzian', 'Steel', 'Sit Down'),
(796, 'Boomerang', 'Steel', 'Sit Down'),
(797, 'Drehgondelbahn', 'Steel', 'Spinning'),
(798, 'Marienkäferbahn', 'Steel', 'Sit Down'),
(799, 'Caterpillar Capers', 'Steel', 'Sit Down'),
(800, 'Dragon Flyer', 'Steel', 'Sit Down'),
(801, 'Gauntlet', 'Steel', 'Sit Down'),
(802, 'Junior Dragon Coaster', 'Steel', 'Sit Down'),
(803, 'Whirlwind', 'Steel', 'Spinning'),
(804, 'Exterminator', 'Steel', 'Sit Down'),
(805, 'Jack Rabbit', 'Steel', 'Sit Down'),
(806, 'Lil\' Phantom', 'Steel', 'Sit Down'),
(807, 'Phantom\'s Revenge', 'Steel', 'Sit Down'),
(808, 'Racer (Right)', 'Wooden', 'Sit Down'),
(809, 'Thunderbolt', 'Steel', 'Sit Down'),
(810, 'Corsaire', 'Steel', 'Sit Down'),
(811, 'Cobra', 'Steel', 'Sit Down'),
(812, 'Joyride', 'Steel', 'Sit Down'),
(813, 'Thunderbird', 'Wooden', 'Sit Down'),
(814, 'Stinger', 'Steel', 'Sit Down'),
(815, 'Flying Frog', 'Steel', 'Sit Down'),
(816, 'Cobra', 'Steel', 'Sit Down'),
(817, 'Black Hole Scramble', 'Steel', 'Sit Down'),
(818, 'Boogie-woogie Space Coaster', 'Steel', 'Sit Down'),
(819, 'Clipper', 'Steel', 'Sit Down'),
(820, 'Titan MAX', 'Steel', 'Sit Down'),
(821, 'Venus GP', 'Steel', 'Sit Down'),
(822, 'Zaturn', 'Steel', 'Sit Down'),
(823, 'Supersonic Odyssey', 'Steel', 'Sit Down'),
(824, 'Superman Escape', 'Steel', 'Sit Down'),
(825, 'Arkham Asylum - Shock Therapy', 'Steel', 'Inverted'),
(826, 'Road Runner Rollercoaster', 'Steel', 'Sit Down'),
(827, 'Scooby-Doo Spooky Coaster', 'Steel', 'Sit Down'),
(828, 'Speed', 'Steel', 'Sit Down'),
(829, 'Swamp Thing', 'Steel', 'Suspended'),
(830, 'Hangman', 'Steel', 'Inverted'),
(831, 'Gold Rush', 'Steel', 'Sit Down'),
(832, 'Fiesta Express', 'Steel', 'Sit Down'),
(833, 'Cheetah', 'Steel', 'Sit Down'),
(834, 'Bug Out', 'Steel', 'Sit Down'),
(835, 'Boomerang', 'Steel', 'Sit Down'),
(836, 'Ant Farm Express', 'Steel', 'Sit Down'),
(837, 'Toos Express', 'Steel', 'Sit Down'),
(838, 'Booster Bike', 'Steel', 'Motorbike'),
(839, 'Montanha Russa de Ãgua', 'Steel', 'Water Coaster'),
(840, 'Mayan Adventure', 'Steel', 'Inverted'),
(841, 'Space Mountain', 'Steel', 'Sit Down'),
(842, 'Miami', 'Steel', 'Sit Down'),
(843, 'Diving Coaster: Vanish', 'Steel', 'Sit Down'),
(844, 'Spinning Coaster', 'Steel', 'Sit Down'),
(845, 'Bat', 'Steel', 'Suspended'),
(846, 'Colossus the Fire Dragon', 'Steel', 'Sit Down'),
(847, 'Puff the Little Fire Dragon', 'Steel', 'Sit Down'),
(848, 'Roller Coaster', 'Steel', 'Sit Down'),
(849, 'Spider', 'Steel', 'Spinning'),
(850, 'Wild Mouse', 'Steel', 'Sit Down'),
(851, 'Wicked', 'Steel', 'Sit Down'),
(852, 'Jet Star 2', 'Steel', 'Sit Down'),
(853, 'Sierra Sidewinder', 'Steel', 'Spinning'),
(854, 'High Speed Thrill Coaster', 'Steel', 'Sit Down'),
(855, 'Phoenix', 'Wooden', 'Sit Down'),
(856, 'Twister', 'Wooden', 'Sit Down'),
(857, 'Flying Turns', 'Wooden', 'Bobsleigh'),
(858, 'Abandon Mine', 'Steel', 'Sit Down'),
(859, 'Dragon', 'Steel', 'Sit Down'),
(860, 'Aconcagua', 'Steel', 'Sit Down'),
(861, 'Jetline', 'Steel', 'Sit Down'),
(862, 'Nyckelpigan', 'Steel', 'Sit Down'),
(863, 'Vilda Musen', 'Steel', 'Sit Down'),
(864, 'Orca', 'Steel', 'Sit Down'),
(865, 'Mina', 'Steel', 'Sit Down'),
(866, 'Moncayo', 'Steel', 'Sit Down'),
(867, 'Ramses', 'Steel', 'Sit Down'),
(868, 'Schlitt\' Express', 'Steel', 'Sit Down'),
(869, 'Coolie', 'Steel', 'Sit Down'),
(870, 'Rage', 'Steel', 'Sit Down'),
(871, 'Formule X', 'Steel', 'Sit Down'),
(872, 'Dynamite Express', 'Steel', 'Sit Down'),
(873, 'Kopermijn', 'Steel', 'Sit Down'),
(874, 'Twistrix', 'Steel', 'Spinning'),
(875, 'Zading', 'Steel', 'Sit Down'),
(876, 'Miami Bike', 'Steel', 'Sit Down'),
(877, 'Dragon Mountain', 'Steel', 'Sit Down'),
(878, 'La Pomme', 'Steel', 'Sit Down'),
(879, 'Tree Topper', 'Wooden', 'Sit Down'),
(880, 'Dania Beach Hurricane', 'Steel', 'Sit Down'),
(881, 'Avalanche', 'Wooden', 'Sit Down'),
(882, 'Aqua Wind', 'Steel', 'Sit Down'),
(883, 'Pirates\' Blast', 'Steel', 'Sit Down'),
(884, 'Stellar Coaster', 'Steel', 'Sit Down'),
(885, 'Monte Aurora', 'Steel', 'Sit Down'),
(886, 'Monte Makaya', 'Steel', 'Sit Down'),
(887, 'Piuí', 'Steel', 'Sit Down'),
(888, 'Goofy\'s Sky School', 'Steel', 'Sit Down'),
(889, 'Capitale Express', 'Steel', 'Sit Down'),
(890, 'Keverbaan', 'Steel', 'Sit Down'),
(891, 'Tidal Wave', 'Steel', 'Sit Down'),
(892, 'Grand National (Left)', 'Steel', 'Sit Down'),
(893, 'Big Dipper', 'Wooden', 'Sit Down'),
(894, 'Big Loop', 'Steel', 'Sit Down'),
(895, 'Grottenblitz', 'Steel', 'Sit Down'),
(896, 'Limit', 'Steel', 'Inverted'),
(897, 'Schweizer Bobbahn', 'Steel', 'Bobsleigh'),
(898, 'Boomerang', 'Steel', 'Sit Down'),
(899, 'Dizzy Mouse', 'Steel', 'Spinning'),
(900, 'Hochschaubahn', 'Wooden', 'Sit Down'),
(901, 'Megablitz', 'Steel', 'Sit Down'),
(902, 'Super 8er Bahn', 'Steel', 'Sit Down'),
(903, 'Volare', 'Steel', 'Flying'),
(904, 'Wilde Maus', 'Steel', 'Sit Down'),
(905, 'Flitzer', 'Steel', 'Sit Down'),
(906, 'Python', 'Steel', 'Sit Down'),
(907, 'Sea Serpent', 'Steel', 'Sit Down'),
(908, 'Sea Viper', 'Steel', 'Sit Down'),
(909, 'Canyon Blaster', 'Steel', 'Sit Down'),
(910, 'Froschbahn', 'Steel', 'Sit Down'),
(911, 'Windstorm', 'Steel', 'Sit Down'),
(912, 'Boardwalk Bullet', 'Wooden', 'Sit Down'),
(913, 'Inferno', 'Steel', '4th Dimension'),
(914, 'Jimmy Neutron\'s Atomic Flyer', 'Steel', 'Suspended'),
(915, 'Knightmare', 'Steel', 'Sit Down'),
(916, 'Infusion', 'Steel', 'Inverted'),
(917, 'Kvasten', 'Steel', 'Suspended'),
(918, 'Family Gravity Coaster', 'Steel', 'Sit Down'),
(919, 'Twister Coaster', 'Steel', 'Sit Down'),
(920, 'Crystal Wings', 'Steel', 'Flying'),
(921, 'Jungle Racing', 'Steel', 'Sit Down'),
(922, 'Harvest Time', 'Steel', 'Sit Down'),
(923, 'Golden Wings in Snowfield', 'Steel', 'Inverted'),
(924, 'Crazy Mouse', 'Steel', 'Sit Down'),
(925, 'Regina', 'Steel', 'Sit Down'),
(926, 'Tentomushi', 'Steel', 'Sit Down'),
(927, 'Rat', 'Steel', 'Sit Down'),
(928, 'Twist and Shout', 'Steel', 'Sit Down'),
(929, 'Wacky Worm', 'Steel', 'Sit Down'),
(930, 'Orphan Rocker', 'Steel', 'Sit Down'),
(931, 'Boomerang', 'Steel', 'Sit Down'),
(932, 'Dragon', 'Steel', 'Sit Down'),
(933, 'Happy Mountain', 'Steel', 'Sit Down'),
(934, 'Looping Star', 'Steel', 'Sit Down'),
(935, 'Windstorm', 'Steel', 'Sit Down'),
(936, 'Lady Bug Coaster', 'Steel', 'Sit Down'),
(937, 'Primeval Whirl', 'Steel', 'Spinning'),
(938, 'Barnstormer', 'Steel', 'Sit Down'),
(939, 'Big Thunder Mountain Railroad', 'Steel', 'Sit Down'),
(940, 'Space Mountain - Alpha', 'Steel', 'Sit Down'),
(941, 'Woody Woodpecker\'s Nusthouse Coaster', 'Steel', 'Sit Down'),
(942, 'Space Mountain', 'Steel', 'Sit Down'),
(943, 'Big Thunder Mountain Railroad', 'Steel', 'Sit Down'),
(944, 'Matterhorn Bobsleds (Left)', 'Steel', 'Sit Down'),
(945, 'Gadget\'s Go Coaster', 'Steel', 'Sit Down'),
(946, 'Drachen Fire', 'Steel', 'Sit Down'),
(947, 'Comet', 'Wooden', 'Sit Down'),
(948, 'Flashback', 'Steel', 'Sit Down'),
(949, 'Canyon Blaster', 'Steel', 'Sit Down'),
(950, 'Nightmare at Crack Axle Canyon', 'Wooden', 'Sit Down'),
(951, 'Frankie\'s Mine Train', 'Steel', 'Sit Down'),
(952, 'Steamin\' Demon', 'Steel', 'Sit Down'),
(953, 'Doppel Looping', 'Steel', 'Sit Down'),
(954, 'Pandemonium', 'Steel', 'Spinning'),
(955, 'Thunderbolt', 'Steel', 'Sit Down'),
(956, 'Miami', 'Steel', 'Sit Down'),
(957, 'Lasso Loop', 'Steel', 'Sit Down'),
(958, 'Tornado', 'Steel', 'Sit Down'),
(959, 'Jumbo Jet', 'Steel', 'Sit Down'),
(960, 'Troy', 'Wooden', 'Sit Down'),
(961, 'Hankatten', 'Steel', 'Spinning'),
(962, 'Phaethon', 'Steel', 'Inverted'),
(963, 'Dragon 2 Loop Coaster', 'Steel', 'Sit Down'),
(964, 'Space Tour', 'Steel', 'Sit Down'),
(965, 'Space 2000', 'Steel', 'Sit Down'),
(966, 'Padrinos Voladores', 'Steel', 'Suspended'),
(967, 'Vagones Locos', 'Steel', 'Sit Down'),
(968, 'Flight of the Phoenix', 'Steel', 'Sit Down'),
(969, 'Kentucky Rumbler', 'Wooden', 'Sit Down'),
(970, 'Roler Coaster (le)', 'Steel', 'Sit Down'),
(971, 'Looping Star', 'Steel', 'Sit Down'),
(972, 'Wild Mouse', 'Steel', 'Sit Down'),
(973, 'Auto BergBahn', 'Wooden', 'Sit Down'),
(974, 'Der Zug des Manitu', 'Steel', 'Sit Down'),
(975, 'Chenille', 'Steel', 'Sit Down'),
(976, 'Pomme', 'Steel', 'Sit Down'),
(977, 'Galaxi', 'Steel', 'Sit Down'),
(978, 'Ragin\' Cajun', 'Steel', 'Sit Down'),
(979, 'Xtreme', 'Steel', 'Spinning'),
(980, 'Storm', 'Steel', 'Sit Down'),
(981, 'Bruco Mela', 'Steel', 'Sit Down'),
(982, 'Tokaido', 'Steel', 'Sit Down'),
(983, 'Grand Huit', 'Steel', 'Sit Down'),
(984, 'Comet Express', 'Steel', 'Sit Down'),
(985, 'French Revolution', 'Steel', 'Sit Down'),
(986, 'Tremors', 'Wooden', 'Sit Down'),
(987, 'Corkscrew', 'Steel', 'Sit Down'),
(988, 'Timber Terror', 'Steel', 'Sit Down'),
(989, 'Tiny Toot', 'Steel', 'Sit Down'),
(990, 'Looping Star', 'Steel', 'Sit Down'),
(991, 'Klondike Gold Mine', 'Steel', 'Sit Down'),
(992, 'Demon', 'Steel', 'Sit Down'),
(993, 'Wilde Maus', 'Steel', 'Sit Down'),
(994, 'R2000', 'Steel', 'Sit Down'),
(995, 'Turbo coaster', 'Steel', 'Sit Down'),
(996, 'Crazy mouse', 'Steel', 'Sit Down'),
(997, 'Soak\'d', 'Steel', 'Suspended'),
(998, 'Iron Horse', 'Steel', 'Sit Down'),
(999, 'Maximum RPM!', 'Steel', 'Sit Down'),
(1000, 'Time Machine', 'Steel', 'Sit Down'),
(1001, 'Coccinelle', 'Steel', 'Sit Down'),
(1002, 'Achtbaan', 'Steel', 'Sit Down'),
(1003, 'Wacky Worm', 'Steel', 'Sit Down'),
(1004, 'Jubilé', 'Steel', 'Sit Down'),
(1005, 'Star Wars', 'Steel', 'Sit Down'),
(1006, 'City Jet', 'Steel', 'Sit Down'),
(1007, 'Big Apple', 'Steel', 'Sit Down'),
(1008, 'Aéronaval', 'Steel', 'Suspended'),
(1009, 'Magic Pomme', 'Steel', 'Sit Down'),
(1010, 'La Souris verte', 'Steel', 'Sit Down'),
(1011, 'Big Thunder Mountain', 'Steel', 'Sit Down'),
(1012, 'Roller Coaster', 'Steel', 'Sit Down'),
(1013, 'Behemoth', 'Steel', 'Sit Down'),
(1014, 'Dragon Coaster', 'Steel', 'Sit Down'),
(1015, 'Eagle Fortress', 'Steel', 'Suspended'),
(1016, 'Herky & Timmy\'s Racing Coaster', 'Steel', 'Sit Down'),
(1017, 'Rolling X-Train', 'Steel', 'Sit Down'),
(1018, 'Karlo\'s Taxi', 'Steel', 'Sit Down'),
(1019, 'Thor\'s Hammer', 'Steel', 'Sit Down'),
(1020, 'Piraten', 'Steel', 'Sit Down'),
(1021, 'Mick Doohan\'s Motocoaster', 'na', 'Motorbike'),
(1022, 'Boomerang', 'Steel', 'Sit Down'),
(1023, 'Loop the Loop', 'Steel', 'Sit Down'),
(1024, 'Vortex', 'Steel', 'Inverted'),
(1025, 'Family Banana Coaster', 'Steel', 'Sit Down'),
(1026, 'Galaxy Orbiter', 'Steel', 'Spinning'),
(1027, 'Garden Express', 'Steel', 'Sit Down'),
(1028, 'Thriller', 'Steel', 'Sit Down'),
(1029, 'Mine Train', 'Steel', 'Sit Down'),
(1030, 'Surfrider', 'Steel', 'Sit Down'),
(1031, 'Pandemonium', 'Steel', 'Spinning'),
(1032, 'Fahrenheit', 'Steel', 'Sit Down'),
(1033, 'Mammut', 'Wooden', 'Sit Down'),
(1034, 'Elliott', 'Steel', 'Sit Down'),
(1035, 'Big Apple', 'Steel', 'Sit Down'),
(1036, 'Le Cobra', 'Steel', 'Sit Down'),
(1037, 'Mammut', 'Steel', 'Sit Down'),
(1038, 'Grand Huit', 'Steel', 'Sit Down'),
(1039, 'Salama', 'Steel', 'Sit Down'),
(1040, 'Cobra', 'Steel', 'Inverted'),
(1041, 'Ravine Flyer II', 'Hybrid', 'Sit Down'),
(1042, 'Dive Coaster', 'Steel', 'Floorless'),
(1043, 'Kawasemi', 'Steel', 'Sit Down'),
(1044, 'Mount Rocky Coaster', 'Steel', 'Sit Down'),
(1045, 'Family coaster', 'Steel', 'Sit Down'),
(1046, 'Bat coaster', 'Steel', 'Inverted'),
(1047, 'Mouse trap', 'Steel', 'Spinning'),
(1048, 'Boomerang', 'Steel', 'Sit Down'),
(1049, 'Tarzungle', 'Steel', 'Sit Down'),
(1050, 'BMRX', 'Steel', 'Sit Down'),
(1051, 'Possessed', 'Steel', 'Sit Down'),
(1052, 'Double Loop', 'Steel', 'Sit Down'),
(1053, 'Munich Autobahn', 'Steel', 'Bobsleigh'),
(1054, 'African Big Apple', 'Steel', 'Sit Down'),
(1055, 'Rhino Coaster', 'Steel', 'Sit Down'),
(1056, 'Wall\'s Twister Ride', 'Steel', 'Sit Down'),
(1057, 'Boomerang', 'Steel', 'Sit Down'),
(1058, 'Mini Mine Train', 'Steel', 'Sit Down'),
(1059, 'Crazy Loop', 'Steel', 'Sit Down'),
(1060, 'Crazy Loop', 'Steel', 'Sit Down'),
(1061, 'Grand 8', 'Steel', 'Sit Down'),
(1062, 'Big Apple', 'Steel', 'Sit Down'),
(1063, 'Queen Bee', 'Steel', 'Inverted'),
(1064, 'Rockin Roller', 'Steel', 'Sit Down'),
(1065, 'Runaway Train', 'Steel', 'Sit Down'),
(1066, 'Storm', 'Steel', 'Sit Down'),
(1067, 'Jack Rabbit', 'Steel', 'Sit Down'),
(1068, 'Ozark Wildcat', 'Wooden', 'Sit Down'),
(1069, 'Thunderbolt', 'Steel', 'Sit Down'),
(1070, 'Firehawk', 'Steel', 'Flying'),
(1071, 'Comet', 'Wooden', 'Sit Down'),
(1072, 'Ravine Flyer 3', 'Steel', 'Sit Down'),
(1073, 'Steel Dragon', 'Steel', 'Spinning'),
(1074, 'Bront\'O\'Ring', 'Steel', 'Sit Down'),
(1075, 'Batman', 'Steel', 'Sit Down'),
(1076, 'Jumbo Jet', 'Steel', 'Sit Down'),
(1077, 'Kålmasken', 'Steel', 'Sit Down'),
(1078, 'Batman', 'Steel', 'Sit Down'),
(1079, 'Lilla Bergbanan', 'Steel', 'Sit Down'),
(1080, 'Superloopen', 'Steel', 'Sit Down'),
(1081, 'Clone Zone', 'Steel', 'Suspended'),
(1082, 'Cosmic Typhoon', 'Steel', 'Sit Down'),
(1083, 'Soopa Loopa', 'Steel', 'Sit Down'),
(1084, 'Twin Looper', 'Steel', 'Sit Down'),
(1085, 'Tic-Tac Tornado', 'Steel', 'Sit Down'),
(1086, 'Pony Express', 'Steel', 'Motorbike'),
(1087, 'Compact Coaster', 'Steel', 'Sit Down'),
(1088, 'Montanha Russa', 'Steel', 'Sit Down'),
(1089, 'Dum-Dum', 'Steel', 'Sit Down'),
(1090, 'Tigor Mountain', 'Steel', 'Sit Down'),
(1091, 'Star Mountain', 'Steel', 'Sit Down'),
(1092, 'Hexenbesen', 'Steel', 'Suspended'),
(1093, 'Topozorro', 'Steel', 'Sit Down'),
(1094, 'Wacky Race', 'Steel', 'Sit Down'),
(1095, 'Hot Tamales', 'Steel', 'Sit Down'),
(1096, 'Star Jet', 'Steel', 'Sit Down'),
(1097, 'Wild Mouse', 'Steel', 'Sit Down'),
(1098, 'Achterbahn', 'Steel', 'Sit Down'),
(1099, 'Avatar Airbender', 'Steel', 'Sit Down'),
(1100, 'Barnyard Barnstormer', 'Steel', 'Sit Down'),
(1201, 'Klondike Gold Rusher', 'Steel', 'Sit Down'),
(1202, 'Big Roller Coaster', 'Steel', 'Sit Down'),
(1203, 'Timberhawk: Ride of Prey', 'Steel', 'Sit Down'),
(1204, 'Kiddie Coaster', 'Steel', 'Sit Down'),
(1205, 'Astropax 18', 'Steel', 'Sit Down'),
(1206, 'Wilde Maus', 'Steel', 'Sit Down'),
(1207, 'Rodeo', 'Steel', 'Sit Down'),
(1208, 'Götterblitz', 'Steel', 'Sit Down'),
(1209, 'Pendelbahn Flic-Flac', 'Steel', 'Sit Down'),
(1210, 'Woody\'s Children\'s Roller Coaster', 'Steel', 'Sit Down'),
(1211, 'Super Dragon', 'Steel', 'Sit Down'),
(1212, 'Klondike Gold Mine', 'Steel', 'Sit Down'),
(1213, 'Wild Mouse', 'Steel', 'Sit Down'),
(1214, 'Zyclone', 'Steel', 'Sit Down'),
(1215, 'Roller Skater', 'Steel', 'Sit Down'),
(1216, 'Dragon', 'Steel', 'Sit Down'),
(1217, 'Jupiter', 'Steel', 'Sit Down'),
(1218, 'Gold Rush', 'Steel', 'Sit Down'),
(1219, 'Rolling Thunder', 'Steel', 'Sit Down'),
(1220, 'Le Grand Huit', 'Steel', 'Sit Down'),
(1221, 'Crossbow', 'Steel', 'Sit Down'),
(1222, 'Sooper Jet', 'Steel', 'Sit Down'),
(1223, 'Comet', 'Steel', 'Sit Down'),
(1224, 'Comet', 'Steel', 'Sit Down'),
(1225, 'Dragon Wagon', 'Steel', 'Sit Down'),
(1226, 'Dragon', 'Steel', 'Sit Down'),
(1227, 'Miner Mike', 'Steel', 'Sit Down'),
(1228, 'Cobra', 'Steel', 'Sit Down'),
(1229, 'Crazy Croc', 'Steel', 'Sit Down'),
(1230, 'Orient Express', 'Steel', 'Sit Down'),
(1231, 'Magic Mountain', 'Steel', 'Sit Down'),
(1232, 'Tacot en Folie', 'Steel', 'Sit Down'),
(1233, 'Cyclone', 'Steel', 'Sit Down'),
(1234, 'Montagne du Dragon', 'Steel', 'Sit Down'),
(1235, 'Steel Hawg', 'Steel', 'Sit Down'),
(1236, 'Hollenblitz', 'Steel', 'Spinning'),
(1237, 'Wilde Maus', 'Steel', 'Sit Down'),
(1238, 'Spinning Racer', 'Steel', 'Spinning'),
(1239, 'Galaxia', 'Steel', 'Sit Down'),
(1240, 'Diamond Back', 'Steel', 'Sit Down'),
(1241, 'Nightmare Mine', 'Steel', 'Sit Down'),
(1242, 'Silver Bullet', 'Steel', 'Sit Down'),
(1243, 'Steel Lasso', 'Steel', 'Inverted'),
(1244, 'Wild Kitty', 'Steel', 'Sit Down'),
(1245, 'Wildcat', 'Steel', 'Sit Down'),
(1246, 'Galaxi', 'Steel', 'Sit Down'),
(1247, 'Wild Mouse', 'Steel', 'Sit Down'),
(1248, 'Fami\'Stéric', 'Steel', 'Sit Down'),
(1249, 'Hollywood Rip', ' Ride', ' Rockit'),
(1250, 'Manta', 'Steel', 'Flying'),
(1251, 'Wild Train', 'Steel', 'Sit Down'),
(1252, 'Ring Racer', 'Steel', 'Sit Down'),
(1253, 'Chenille Fantastique', 'Steel', 'Sit Down'),
(1254, 'Chenille Fantastique', 'Steel', 'Sit Down'),
(1255, 'Baby Aviator', 'Steel', 'Suspended'),
(1256, 'Twister Mountain ', 'Steel', 'Sit Down'),
(1257, 'Gold Mine', 'Steel', 'Sit Down'),
(1258, 'Train de Mine', 'Steel', 'Sit Down'),
(1259, 'Cobra', 'Steel', 'Sit Down'),
(1260, 'Coastersaurus', 'Steel', 'Sit Down'),
(1261, 'Dragon', 'Steel', 'Sit Down'),
(1262, 'Technic Coaster', 'Steel', 'Sit Down'),
(1263, 'Reaper', ' Drop Ride To Doom', 'Steel'),
(1264, 'Toboggan', 'Steel', 'Sit Down'),
(1265, 'Pomme', 'Steel', 'Sit Down'),
(1266, 'Flotte Biene', 'Steel', 'Sit Down'),
(1267, 'Colossu\'s Loop', 'Steel', 'Sit Down'),
(1268, 'Diamondback', 'Steel', 'Sit Down'),
(1269, 'Grover\'s Alpine Express', 'Steel', 'Sit Down'),
(1270, 'Prowler', 'Wooden', 'Sit Down'),
(1271, 'Tsunami', 'Steel', 'Sit Down'),
(1272, 'Dragon', 'Steel', 'Sit Down'),
(1273, 'iSpeed', 'Steel', 'Sit Down'),
(1274, 'Anubis', 'Steel', 'Sit Down'),
(1275, 'Insane', 'Steel', '4th Dimension'),
(1276, 'Saw - The Ride', 'Steel', 'Sit Down'),
(1277, 'Tranan', 'Steel', '4th Dimension'),
(1278, 'Delfinexpressen', 'Steel', 'Sit Down'),
(1279, 'Jet Rescue', 'Steel', 'Sit Down'),
(1280, 'Fluch Von Novgorod', 'Steel', 'Sit Down'),
(1281, 'Apocalypse', 'Wooden', 'Sit Down'),
(1282, 'Flying Cobras', 'Steel', 'Sit Down'),
(1283, 'Blue Fire', 'Steel', 'Sit Down'),
(1284, 'El Toro', 'Wooden', 'Sit Down'),
(1285, 'Mumbo Jumbo', 'Steel', 'Sit Down'),
(1286, 'Senzafiato', 'Steel', 'Sit Down'),
(1287, 'Roller Coaster', 'Steel', 'Sit Down'),
(1288, 'Dark Knight', 'Steel', 'Sit Down'),
(1289, 'Thirteen', 'Steel', 'Sit Down'),
(1290, 'Wooden Warrior', 'Wooden', 'Sit Down'),
(1291, 'Rabalder', 'Steel', 'Sit Down'),
(1292, 'Turbo Drachen', 'Steel', 'Suspended'),
(1293, 'Mine Train', 'Steel', 'Sit Down'),
(1294, 'Tornado', 'Steel', 'Spinning'),
(1295, 'Alligator Alley', 'Steel', 'Sit Down'),
(1296, 'Apple Ride', 'Steel', 'Sit Down'),
(1297, 'Backdraft', 'Steel', 'Sit Down'),
(1298, 'Berg und Tal', 'Steel', 'Sit Down'),
(1299, 'Big Apple (Naisse)', 'Steel', 'Sit Down'),
(1300, 'Big Apple (Champetier)', 'Steel', 'Sit Down'),
(1301, 'Black Hole', 'Steel', 'Sit Down'),
(1302, 'Bruco Mela', 'Steel', 'Sit Down'),
(1303, 'Chicago Loop', 'Steel', 'Sit Down'),
(1304, 'China Dragon ', 'Steel', 'Sit Down'),
(1305, 'Circus Clown', 'Steel', 'Sit Down'),
(1306, 'Cobra', 'Steel', 'Sit Down'),
(1307, 'Cobra', 'Steel', 'Sit Down'),
(1308, 'Crazy Clown', 'Steel', 'Sit Down'),
(1309, 'Crazy Coaster', 'Steel', 'Sit Down'),
(1310, 'Crazy Mouse', 'Steel', 'Sit Down'),
(1311, 'Crazy Mouse', 'Steel', 'Sit Down'),
(1312, 'Crazy Mouse', 'Steel', 'Sit Down'),
(1313, 'Crazy Mouse', 'Steel', 'Sit Down'),
(1314, 'Crazy Mouse (Degousse)', 'Steel', 'Sit Down'),
(1315, 'Crazy Train', 'Steel', 'Sit Down'),
(1316, 'Cyber Space', 'Steel', 'Sit Down'),
(1317, 'Bear Trax', 'Steel', 'Sit Down'),
(1318, 'Bobsleds', 'Steel', 'Sit Down'),
(1319, 'Jack Rabbit', 'Steel', 'Sit Down'),
(1320, 'Whirlwind', 'Steel', 'Spinning'),
(1321, 'Die Wilden 50er', 'Steel', 'Sit Down'),
(1322, 'Dragon (Coppier)', 'Steel', 'Sit Down'),
(1323, 'Dragon', 'Steel', 'Sit Down'),
(1324, 'Dragon', 'Steel', 'Sit Down'),
(1325, 'Dragon', 'Steel', 'Sit Down'),
(1326, 'Extrem', 'Steel', 'Spinning'),
(1327, 'Extreme', 'Steel', 'Sit Down'),
(1328, 'Family Star', 'Steel', 'Spinning'),
(1329, 'Feuer und Eis', 'Steel', 'Sit Down'),
(1330, 'Formula 1', 'Steel', 'Spinning'),
(1331, 'Fun4All', 'Steel', 'Spinning'),
(1332, 'Funny Mouse', 'Steel', 'Sit Down'),
(1333, 'Gold Express', 'Steel', 'Sit Down'),
(1334, 'Goulis', 'Steel', 'Sit Down'),
(1335, 'Grand Prix', 'Steel', 'Sit Down'),
(1336, 'High Explosive', 'Steel', 'Sit Down'),
(1337, 'Indiana Jones (Lespinasse)', 'Steel', 'Sit Down'),
(1338, 'Jamming', 'Steel', 'Spinning'),
(1339, 'Jet', 'Steel', 'Sit Down'),
(1340, 'Jungle', 'Steel', 'Sit Down'),
(1341, 'Katz & Maus', 'Steel', 'Spinning'),
(1342, 'Spaccatempo', 'Steel', 'Sit Down'),
(1343, 'Flinker Fridolin', 'Steel', 'Sit Down'),
(1344, 'Rothaarblitz', 'Steel', 'Sit Down'),
(1345, 'Viktor Vandorm', 'Steel', 'Sit Down'),
(1346, 'Raupe', 'Steel', 'Sit Down'),
(1347, 'Silver Mine', 'Steel', 'Sit Down'),
(1348, 'Vertigo', 'Steel', 'Sit Down'),
(1349, 'Bambo Coaster', 'Steel', 'Sit Down'),
(1350, 'Corkscrew', 'Steel', 'Sit Down'),
(1351, 'Gusano Loco', 'Steel', 'Sit Down'),
(1352, 'Tornado', 'Steel', 'Sit Down'),
(1353, 'Correcaminos Bip', ' Bip', 'Steel'),
(1354, 'Le train de la mine', 'Steel', 'Sit Down'),
(1355, 'Steeplechase (Center)', 'Steel', 'Sit Down'),
(1356, 'Steeplechase (Right)', 'Steel', 'Sit Down'),
(1357, 'Grand National (Right)', 'Wooden', 'Sit Down'),
(1358, 'Circus Clown', 'Steel', 'Sit Down'),
(1359, 'Indiana\'s Adventure - The Ride', 'Steel', 'Sit Down'),
(1360, 'Figure Eight', 'Steel', 'Sit Down'),
(1361, 'Go-Gator', 'Steel', 'Sit Down'),
(1362, 'Junior Cyclone', 'Steel', 'Sit Down'),
(1363, 'Switchback Railway', 'Steel', 'Sit Down'),
(1364, 'Crazy Chase', 'Steel', 'Sit Down'),
(1365, 'Familie Achtbaan', 'Steel', 'Sit Down'),
(1366, 'Gusano', 'Steel', 'Sit Down'),
(1367, 'Montaña Rusa', 'Steel', 'Sit Down'),
(1368, 'Selva del Raton', 'Steel', 'Sit Down'),
(1369, 'Hornet', 'Steel', 'Sit Down'),
(1370, 'Mayan Mindbender', 'Steel', 'Sit Down'),
(1371, 'Jett Star', 'Steel', 'Sit Down'),
(1372, 'Big Dipper', 'Steel', 'Sit Down'),
(1373, 'Jet Stream', 'Steel', 'Sit Down'),
(1374, 'Log Ride', 'Steel', 'Sit Down'),
(1375, 'Looping Star', 'Steel', 'Sit Down'),
(1376, 'Mad Mouse', 'Steel', 'Sit Down'),
(1377, 'Nessi', 'Steel', 'Sit Down'),
(1378, 'Pepsi-Cola Loop', 'Steel', 'Sit Down'),
(1379, 'Runaway Train', 'Steel', 'Sit Down'),
(1380, 'Nessi', 'Steel', 'Sit Down'),
(1381, 'Pepsi-Cola Loop', 'Steel', 'Sit Down'),
(1382, 'Little Dipper', 'Steel', 'Sit Down'),
(1383, 'Twister Mountain', 'Steel', 'Sit Down'),
(1384, 'Little D', 'Steel', 'Sit Down'),
(1385, 'Thunder Eagle', 'Wooden', 'Sit Down'),
(1386, 'Wilde Tijger Achtbaan', 'Steel', 'Sit Down'),
(1387, 'Kålmasken', 'Steel', 'Sit Down'),
(1388, 'Mad Mouse', 'Steel', 'Sit Down'),
(1389, 'Bat Coaster', 'Steel', 'Inverted'),
(1390, 'Cliff Hanger', 'Steel', 'Sit Down'),
(1391, 'Tumbleweed', 'Steel', 'Sit Down'),
(1392, 'Karst Cave Coaster', 'Steel', 'Sit Down'),
(1393, 'Spinning Coaster', 'Steel', 'Spinning'),
(1394, 'Yun Xiao Fei Che', 'Steel', 'Sit Down'),
(1395, 'Moto Coaster', 'Steel', 'Motorbike'),
(1396, 'Baby Coaster', 'Steel', 'Sit Down'),
(1397, 'Wild Elfin', 'Steel', 'Sit Down'),
(1398, 'Formula Rossa', 'Steel', 'Sit Down'),
(1399, 'Roller Boom', 'Steel', 'Sit Down'),
(1400, 'SpaceMouse', 'Steel', 'Sit Down'),
(1401, 'Dragon', 'Steel', 'Sit Down'),
(1402, 'Cobra', 'Steel', 'Sit Down'),
(1403, 'Velocity', 'Steel', 'Motorbike'),
(1404, 'Coaster', 'Wooden', 'Sit Down'),
(1405, 'Corkscrew', 'Steel', 'Sit Down'),
(1406, 'Kettle Creek Mine', 'Steel', 'Sit Down'),
(1407, 'Intimidator', 'Steel', 'Sit Down'),
(1408, 'Intimidator 305', 'Steel', 'Sit Down'),
(1409, 'Montaña Suiza', 'Steel', 'Sit Down'),
(1410, 'Wild Thing', 'Steel', 'Sit Down'),
(1411, 'Speed Mouse', 'Steel', 'Sit Down'),
(1412, 'Muntanya Russa', 'Steel', 'Sit Down'),
(1413, 'Caribbean Splash', 'Steel', 'Water Coaster'),
(1414, 'Euro Speed', 'Steel', 'Sit Down'),
(1415, 'Bruco Mela', 'Steel', 'Sit Down'),
(1416, 'Joris en de Draak (Vuur)', 'Wooden', 'Sit Down'),
(1417, 'Sky Rocket', 'Steel', 'Sit Down'),
(1418, 'Serial Thriller', 'Steel', 'Inverted'),
(1419, 'Little Rattler', 'Steel', 'Sit Down'),
(1420, 'Sahara Twist', 'Steel', 'Sit Down'),
(1421, 'Screaming Condor', 'Steel', 'Sit Down'),
(1422, 'Racer 75 (Right)', 'Wooden', 'Sit Down'),
(1423, 'Twister', 'Steel', 'Spinning'),
(1424, 'The Monster', 'Steel', 'Inverted'),
(1425, 'Test Strecke ', 'Steel', 'Sit Down'),
(1426, 'Dream coaster', 'Steel', 'Sit Down'),
(1427, 'Dragon Rider', 'Steel', 'Inverted'),
(1428, 'Extreme Rusher', 'Steel', 'Sit Down'),
(1429, 'Magic Mouse', 'Steel', 'Spinning'),
(1430, 'Euro Coaster', 'Steel', 'Suspended'),
(1431, 'Nitro', 'Steel', 'Sit Down'),
(1432, 'Bat Coaster', 'Steel', 'Inverted'),
(1433, 'RC Racer', 'Steel', 'Sit Down'),
(1434, 'Space Fantasy the Ride', 'Steel', 'Spinning'),
(1435, 'Road Runner Express', 'Steel', 'Sit Down'),
(1436, 'MotoGee', 'Steel', 'Motorbike'),
(1437, 'Wood Coaster', 'Wooden', 'Sit Down'),
(1438, 'Krake', 'Steel', 'Floorless'),
(1439, 'Flare Meteor', 'Steel', 'Inverted'),
(1440, 'Hanging Pulley', 'Steel', 'Suspended'),
(1441, 'Space Vehicle', 'Steel', 'Sit Down'),
(1442, 'Vesuvius Volcano', 'Steel', 'Sit Down'),
(1443, 'Unknown', 'Steel', 'Sit Down'),
(1444, 'Unknown', 'Steel', 'Sit Down'),
(1445, 'Jin Long Hua Che', 'Steel', 'Sit Down'),
(1446, 'Crazy Mouse', 'Steel', 'Sit Down'),
(1447, 'Dragon Slide', 'Steel', 'Sit Down'),
(1448, 'City Coaster', 'Steel', 'Sit Down'),
(1449, 'Crazy Mouse', 'Steel', 'Sit Down'),
(1450, 'Feng Shen Coaster', 'Steel', 'Sit Down'),
(1451, 'Jurassic Adventure', 'Steel', 'Sit Down'),
(1452, 'Mine Coaster', 'Steel', 'Sit Down'),
(1453, 'Roller Coaster', 'Steel', 'Sit Down'),
(1454, 'Shenzhou Coaster', 'Steel', 'Inverted'),
(1455, 'Space Trip', 'Steel', 'Sit Down'),
(1456, 'Spinning Batman', 'Steel', 'Suspended'),
(1457, 'Spinning Coaster', 'Steel', 'Sit Down'),
(1458, 'Worm Coaster', 'Steel', 'Sit Down'),
(1459, 'Fruit Worm', 'Steel', 'Sit Down'),
(1460, 'Jungle Mouse', 'Steel', 'Sit Down'),
(1461, 'Mine Coaster', 'Steel', 'Sit Down'),
(1462, 'Rainbow Children', 'Steel', 'Sit Down'),
(1463, 'Roller Coaster', 'Steel', 'Sit Down'),
(1464, 'Spinning Coaster', 'Steel', 'Sit Down'),
(1465, 'Space travel', 'Steel', 'Sit Down'),
(1466, 'Spinning Coaster', 'Steel', 'Spinning'),
(1467, 'Roller Coaster', 'Steel', 'Sit Down'),
(1468, 'Unknown', 'Steel', 'Sit Down'),
(1469, 'Unknown', 'Steel', 'Sit Down'),
(1470, 'Unknown', 'Steel', 'Sit Down'),
(1471, 'Broca', 'Steel', 'Sit Down'),
(1472, 'Le Twist', 'Steel', 'Spinning');
INSERT INTO `dim_rollercost` (`id_roller`, `name`, `material_type`, `seating_type`) VALUES
(1473, 'Himalayabahn', 'Steel', 'Sit Down'),
(1474, 'Caterpillar Express', 'Steel', 'Sit Down'),
(1475, 'Joris en de Draak (Water)', 'Wooden', 'Sit Down'),
(1476, 'Raptor', 'Steel', 'Wing'),
(1477, 'Jule Expressen', 'Steel', 'Sit Down'),
(1478, 'Slangen', 'Steel', 'Sit Down'),
(1479, 'Tyfoon', 'Steel', 'Sit Down'),
(1480, 'Avonturenslang', 'Steel', 'Sit Down'),
(1481, 'Zeeslang', 'Steel', 'Sit Down'),
(1482, 'Naga Bay', 'Steel', 'Spinning'),
(1483, 'Miner Mike', 'Steel', 'Sit Down'),
(1484, 'Freischütz', 'Steel', 'Sit Down'),
(1485, 'Twister', 'Wooden', 'Sit Down'),
(1486, 'Tuff-Tuff Tåget', 'Steel', 'Sit Down'),
(1487, 'Speedy Gonzales', 'Steel', 'Sit Down'),
(1488, 'Super Railway', 'Steel', 'Sit Down'),
(1489, 'Pomme', 'Steel', 'Sit Down'),
(1490, 'Green Lantern', 'Steel', 'Stand Up'),
(1491, 'Dare Devil Dive', 'Steel', 'Sit Down'),
(1492, 'Green Lantern : First Flight', 'Steel', '4th Dimension'),
(1493, 'Fiorano GT Challenge (Right)', 'Steel', 'Sit Down'),
(1494, 'Chenille', 'Steel', 'Sit Down'),
(1495, 'Air Grover', 'Steel', 'Sit Down'),
(1496, 'West Coaster', 'Steel', 'Sit Down'),
(1497, 'Whirlwind Dipper', 'Steel', 'Sit Down'),
(1498, 'Blue Streak Racer', 'Steel', 'Sit Down'),
(1499, 'Giant Dipper', 'Steel', 'Sit Down'),
(1500, 'Hurricane', 'Steel', 'Sit Down'),
(1801, 'Frutti Loop Coaster', 'Steel', 'Sit Down'),
(1802, 'Roller Coaster Mayan', 'Steel', 'Inverted'),
(1803, 'Formuła', 'Steel', 'Sit Down'),
(1804, 'Speed', 'Steel', 'Water Coaster'),
(1805, 'Viking Roller Coaster', 'Steel', 'Spinning'),
(1806, 'Hyperion', 'Steel', 'Sit Down'),
(1807, 'Dream Hunters Society', 'Steel', 'Sit Down'),
(1808, 'Lech Coaster', 'Steel', 'Sit Down'),
(1809, 'Scary Toys Factory', 'Steel', 'Sit Down'),
(1810, 'Tornado', 'Steel', 'Sit Down'),
(1811, 'Blizzard', 'Steel', 'Sit Down'),
(1812, 'Funny Mouse', 'Steel', 'Sit Down'),
(1813, 'Kolejka Górska', 'Steel', 'Sit Down'),
(1814, 'Kosmos Coaster', 'Steel', 'Sit Down'),
(1815, 'Bandidos', 'Steel', 'Spinning'),
(1816, 'Boulet de Canon', 'Steel', 'Spinning'),
(1817, 'Capitol Bullet Train', 'Steel', 'Sit Down'),
(1818, 'Dragon Gliders', 'Steel', 'Inverted'),
(1819, 'Green Hornet : High Speed Chase', 'Steel', 'Sit Down'),
(1820, 'Madagascar Mad Pursuit', 'Steel', 'Sit Down'),
(1821, 'Smurf Village Express', 'Steel', 'Sit Down'),
(1822, 'Tron Lightcycle Power Run', 'Steel', 'Motorbike'),
(1823, 'Seven Dwarfs Mine Train', 'Steel', 'Sit Down'),
(1824, 'Le Cacahuète Express', 'Steel', 'Sit Down'),
(1825, 'Kid\'z Coaster', 'Steel', 'Sit Down'),
(1826, 'Unknown', 'Steel', 'Sit Down'),
(1827, 'Octonauts Rollercoaster Adventure', 'Steel', 'Sit Down'),
(1828, 'Steel Vengeance', 'Hybrid', 'Sit Down'),
(1829, 'Valravn', 'Steel', 'Floorless'),
(1830, 'Fury 325', 'Steel', 'Sit Down'),
(1831, 'Tabalugas Achterbahn', 'Steel', 'Sit Down'),
(1832, 'Arashi', 'Steel', '4th Dimension'),
(1833, 'Acrobat', 'Steel', 'Flying'),
(1834, 'Looping Star', 'Steel', 'Sit Down'),
(1835, 'Peter Rabbit Coaster', 'Steel', 'Sit Down'),
(1836, 'Dragonfire', 'Steel', 'Sit Down'),
(1837, 'Draken', 'Steel', 'Sit Down'),
(1838, 'Electric Eel', 'Steel', 'Sit Down'),
(1839, 'Tweestryd', 'Steel', 'Sit Down'),
(1840, 'Family Inverted Coaster', 'Steel', 'Inverted'),
(1841, 'Himalayan Eagle Music Roller Coaster', 'Steel', 'Sit Down'),
(1842, 'Rex\'s Racer', 'Steel', 'Sit Down'),
(1843, 'Reise durch das Mittelalter', 'Steel', 'Sit Down'),
(1844, 'Slinky Dog Dash', 'Steel', 'Sit Down'),
(1845, 'Typhoon Coaster', 'Steel', 'Water Coaster'),
(1846, 'Hyper Coaster', 'Steel', 'Sit Down'),
(1847, 'Unknown', 'Steel', 'Sit Down'),
(1848, 'Tom and Jerry Swiss Cheese Spin', 'Steel', 'Spinning'),
(1849, 'Puss in Boots Giant Journey', 'Steel', 'Inverted'),
(1850, 'Der Schwur des Kärnan', 'Steel', 'Sit Down'),
(1851, 'Kleine Zar', 'Steel', 'Sit Down'),
(1852, 'Speedy Gonzales Hot Rod Racers', 'Steel', 'Sit Down'),
(1853, 'Coast Rider', 'Steel', 'Sit Down'),
(1854, 'Time Traveler', 'Steel', 'Spinning'),
(1855, 'Joker', 'Steel', '4th Dimension'),
(1856, 'Wonder Mountain\'s Guardian', 'Steel', 'Sit Down'),
(1857, 'Altin Madeni Coaster', 'Steel', 'Sit Down'),
(1858, 'Misket Coaster', 'na', 'Sit Down'),
(1859, 'Dönen Kizak', 'na', 'Sit Down'),
(1860, 'Öksökö Öfkesi', 'na', 'Sit Down'),
(1861, 'Uzaya Yolculuk', 'Steel', 'Sit Down'),
(1862, 'Lightspeed', 'na', 'Sit Down'),
(1863, 'Köpekbalığı Girdabı', 'na', 'Sit Down'),
(1864, 'Unknown (Air Force)', 'na', 'Suspended'),
(1865, 'Devin Kileri', 'na', 'Sit Down'),
(1866, 'Canavar Dalga', 'Steel', 'Sit Down'),
(1867, 'Ejderha Uçuşu', 'Steel', 'Sit Down'),
(1868, 'Lav Macerasi', 'Steel', 'Sit Down'),
(1869, 'Hiz treni', 'Steel', 'Spinning'),
(1870, 'Girdap Sörfçüler', 'Steel', 'Sit Down'),
(1871, 'Volare Hiz Kizagi', 'na', 'Flying'),
(1872, 'Migfer', 'Steel', 'Sit Down'),
(1873, 'Wing Coaster', 'Steel', 'Wing'),
(1874, 'Launch Coaster', 'Steel', 'Sit Down'),
(1875, 'Tiger Leaping Gorge', 'Steel', 'Water Coaster'),
(1876, 'Mine Train', 'Steel', 'Sit Down'),
(1877, 'Unknown', 'na', 'Sit Down'),
(1878, 'TRON Legacy Coaster', 'Steel', 'Motorbike'),
(1879, 'Tiki Waka', 'Steel', 'Sit Down'),
(1880, 'Fun Pilot', 'Steel', 'Sit Down'),
(1881, 'Unnamed MegaCoaster', 'Steel', 'Sit Down'),
(1882, 'Wild Chipmunk', 'Steel', 'Sit Down'),
(1883, 'Kiddie Coaster', 'Steel', 'Sit Down'),
(1884, 'Dragon', 'Steel', 'Sit Down'),
(1885, 'Cyclone', 'Wooden', 'Sit Down'),
(1886, 'Cannibal', 'Steel', 'Sit Down'),
(1887, 'Bombora', 'Steel', 'Sit Down'),
(1888, 'Lightning Run', 'Steel', 'Sit Down'),
(1889, 'Unknown (Intamin)', 'na', 'Spinning'),
(1890, 'Unknown', 'na', 'Sit Down'),
(1891, 'Unknown (Vekoma Boomerang)', 'na', 'Sit Down'),
(1892, 'Unknown (Suspended Loop Coaster)', 'na', 'Suspended'),
(1893, 'Tokito', 'Steel', 'Sit Down'),
(1894, 'Wonder Woman Golden Lasso', 'Steel', 'Sit Down'),
(1895, 'Küçük Madenciler', 'Steel', 'Sit Down'),
(1896, 'InvadR', 'Hybrid', 'Sit Down'),
(1897, 'Tempesto', 'Steel', 'Sit Down'),
(1898, 'Aircraft', 'Steel', 'Sit Down'),
(1899, 'Imoogi', 'Steel', 'Sit Down'),
(1900, 'Cobra\'s Curse', 'Steel', 'Spinning'),
(2101, 'Nitro', 'na', 'Floorless'),
(2102, 'Deep Space', 'na', 'Sit Down'),
(2103, 'Gold Rush Express', 'na', 'Sit Down'),
(2104, 'Abyss', 'na', 'Sit Down'),
(2105, 'Dragon Express', 'na', 'Sit Down'),
(2106, 'Bullet Coaster', 'na', 'Sit Down'),
(2107, 'Coaster Through the Clouds', 'na', 'Sit Down'),
(2108, 'Creep Caterpillar', 'na', 'Sit Down'),
(2109, 'Python in Bamboo Forest', 'Wooden', 'Sit Down'),
(2110, 'Soaring Dragon & Dancing Phoenix', 'na', 'Inverted'),
(2111, 'Spinning Porcelain', 'na', 'Spinning'),
(2112, 'Battle of Jungle King (Tiger)', 'Steel', 'Sit Down'),
(2113, 'Battle of Jungle King (Dragon)', 'Steel', 'Sit Down'),
(2114, 'Crazy Jars', 'Steel', 'Spinning'),
(2115, 'Soaring with Dragon', 'Steel', 'Sit Down'),
(2116, 'Worm Coaster', 'Steel', 'Sit Down'),
(2117, 'Beehive Coaster', 'na', 'Sit Down'),
(2118, 'Magic Mouse', 'na', 'Spinning'),
(2119, 'Scenic Railway', 'Wooden', 'Sit Down'),
(2120, 'Twisted Cyclone', 'Hybrid', 'Sit Down'),
(2121, 'Wonder Woman Coaster', 'Steel', '4th Dimension'),
(2122, 'Impulse', 'Steel', 'Sit Down'),
(2123, 'Monster', 'Steel', 'Sit Down'),
(2124, 'Jungle Trailblazer', 'Wooden', 'Sit Down'),
(2125, 'Night Rescue', 'na', 'Sit Down'),
(2126, 'Stress Express', 'na', 'Sit Down'),
(2127, 'Jungle Trailblazer', 'Wooden', 'Sit Down'),
(2128, 'Land of Lost Souls', 'na', 'Sit Down'),
(2129, 'Stress Express', 'na', 'Sit Down'),
(2130, 'Joker', 'Steel', '4th Dimension'),
(2131, 'Aktium', 'na', 'Water Coaster'),
(2132, 'Altair', 'na', 'Sit Down'),
(2133, 'Inferno', 'Steel', 'Sit Down'),
(2134, 'Turbulence', 'na', 'Spinning'),
(2135, 'Ladybug Rollercoaster', 'na', 'Sit Down'),
(2136, 'Phobia Phear Coaster', 'na', 'Sit Down'),
(2137, 'Leap the Dips', 'Wooden', 'Sit Down'),
(2138, 'Little Leaper', 'Steel', 'Sit Down'),
(2139, 'Skyliner', 'Wooden', 'Sit Down'),
(2140, 'Toboggan', 'na', 'Sit Down'),
(2141, 'Thunderbolt', 'na', 'Sit Down'),
(2142, 'Thunderbolt', 'Wooden', 'Sit Down'),
(2143, 'Antelope', 'Wooden', 'Sit Down'),
(2144, 'Crazy Train', 'na', 'Sit Down'),
(2145, 'Runaway Train', 'na', 'Sit Down'),
(2146, 'Wriggler', 'na', 'Sit Down'),
(2147, 'Big Apple', 'na', 'Sit Down'),
(2148, 'Big Apple', 'na', 'Sit Down'),
(2149, 'Buffalo Ride', 'na', 'Sit Down'),
(2150, 'Mini Mine Rush', 'na', 'Sit Down'),
(2151, 'Runaway Train', 'na', 'Sit Down'),
(2152, 'Missile', 'na', 'Sit Down'),
(2153, 'Cat & Mouse', 'na', 'Sit Down'),
(2154, 'Catapiller', 'na', 'Sit Down'),
(2155, 'Runaway Train', 'na', 'Sit Down'),
(2156, 'Caterpillar', 'na', 'Sit Down'),
(2157, 'Caterpillar', 'na', 'Sit Down'),
(2158, 'Caterpillar', 'Steel', 'Sit Down'),
(2159, 'Caterpillar', 'na', 'Sit Down'),
(2160, 'Looping', 'na', 'Sit Down'),
(2161, 'Wildcat', 'na', 'Sit Down'),
(2162, 'Caterpillar', 'na', 'Sit Down'),
(2163, 'Caterpiller', 'Steel', 'Sit Down'),
(2164, 'Cat-O-Pillar Coaster', 'na', 'Sit Down'),
(2165, 'Dino Chase', 'na', 'Sit Down'),
(2166, 'Flight of the Pterosaur', 'na', 'Suspended'),
(2167, 'Velociraptor', 'na', 'Sit Down'),
(2168, 'Big Apple', 'na', 'Sit Down'),
(2169, 'Go Gator', 'Steel', 'Sit Down'),
(2170, 'Twistosaurus', 'Steel', 'Spinning'),
(2171, 'Runaway Mine Train', 'Steel', 'Sit Down'),
(2172, 'Zooom!', 'Steel', 'Suspended'),
(2173, 'Hero', 'Steel', 'Flying'),
(2174, 'Huracanito', 'na', 'Sit Down'),
(2175, 'Cobra des Amun Ra', 'na', 'Sit Down'),
(2176, 'Counter Culture Caterpillar', 'na', 'Sit Down'),
(2177, 'Crazy Caterpillar', 'na', 'Sit Down'),
(2178, 'Batman', 'na', 'Sit Down'),
(2179, 'Crazy Caterpillar', 'na', 'Sit Down'),
(2180, 'Z40 Roller Coaster', 'na', 'Sit Down'),
(2181, 'Crazy Mouse', 'na', 'Spinning'),
(2182, 'Go-Gator', 'na', 'Sit Down'),
(2183, 'Mega Blitz', 'na', 'Sit Down'),
(2184, 'Nessi', 'na', 'Sit Down'),
(2185, 'Crazy Mouse', 'na', 'Sit Down'),
(2186, 'Python', 'na', 'Sit Down'),
(2187, 'Runaway Train', 'na', 'Sit Down'),
(2188, 'Twist and Joust', 'na', 'Spinning'),
(2189, 'Happy Caterpiller', 'na', 'Sit Down'),
(2190, 'Doggy Dog', 'na', 'Sit Down'),
(2191, 'Familienachterbahn', 'na', 'Sit Down'),
(2192, 'Nessi', 'na', 'Sit Down'),
(2193, 'Big Apple', 'na', 'Sit Down'),
(2194, 'Family Star', 'na', 'Sit Down'),
(2195, 'Roller Coaster', 'Wooden', 'Sit Down'),
(2196, 'Whirlwind', 'Steel', 'Spinning'),
(2197, 'Green Dragon', 'na', 'Sit Down'),
(2198, 'Gold Mine', 'na', 'Sit Down'),
(2199, 'Go-gator', 'na', 'Sit Down'),
(2200, 'Roller Coaster', 'na', 'Sit Down'),
(2301, 'Neo\'s Twister', 'na', 'Spinning'),
(2302, 'Undertow', 'Steel', 'Spinning'),
(2303, 'DrageKongen', 'Steel', 'Inverted'),
(2304, 'Vilde Hønsejagt', 'Steel', 'Sit Down'),
(2305, 'Jungle Rally', 'Steel', 'Sit Down'),
(2306, 'Il Tempo Extra Gigante', 'Steel', 'Sit Down'),
(2307, 'Batman: The Ride', 'Steel', '4th Dimension'),
(2308, 'Joker', 'Steel', '4th Dimension'),
(2309, 'Cancan Coaster', 'Steel', 'Sit Down'),
(2310, 'Hydrus', 'na', 'Sit Down'),
(2311, 'Young Star Coaster', 'na', 'Sit Down'),
(2312, 'Dragon Legend', 'na', 'Sit Down'),
(2313, 'Euro Express', 'na', 'Sit Down'),
(2314, 'Flying Wing Coaster', 'na', 'Wing'),
(2315, 'Jungle Trailblazer', 'Wooden', 'Sit Down'),
(2316, 'unknown', 'na', 'Wing'),
(2317, 'unknown', 'na', 'Sit Down'),
(2318, 'unknown', 'na', 'Suspended'),
(2319, 'unknown', 'na', 'Sit Down'),
(2320, 'Fruitworm Train', 'na', 'Sit Down'),
(2321, 'Happy Angel', 'na', 'Inverted'),
(2322, 'Snow Mountain Racer', 'na', 'Sit Down'),
(2323, 'Spinning Coaster', 'na', 'Spinning'),
(2324, 'Time Travel', 'Wooden', 'Sit Down'),
(2325, 'Mine Train', 'na', 'Sit Down'),
(2326, 'Light-Speed Coaster', 'na', 'Inverted'),
(2327, 'Jungle Walk', 'na', 'Suspended'),
(2328, 'Forest Slide', 'na', 'Alpine'),
(2329, 'Wild Whizzer', 'na', 'Spinning'),
(2330, 'Untamed', 'Hybrid', 'Sit Down'),
(2331, 'Unknown', 'Steel', 'Sit Down'),
(2332, 'Thrillseeker', 'Steel', 'Sit Down'),
(2333, 'Corkscrew', 'na', 'Sit Down'),
(2334, 'Cosmic Coaster', 'na', 'Sit Down'),
(2335, 'Excalibur', 'Hybrid', 'Sit Down'),
(2336, 'High Roller', 'Wooden', 'Sit Down'),
(2337, 'Mad Mouse', 'na', 'Sit Down'),
(2338, 'Junior Red Force', 'Steel', 'Sit Down'),
(2339, 'Adrenaline Peak', 'Steel', 'Sit Down'),
(2340, 'Zoooooom', 'Steel', 'Sit Down'),
(2341, 'Mystic', 'Steel', 'Sit Down'),
(2342, 'Mission Kepler', 'Steel', 'Spinning'),
(2343, 'Wild Mouse', 'Wooden', 'Sit Down'),
(2344, 'Bug Run Kiddie Rollercoaster', 'na', 'Sit Down'),
(2345, 'Diamond Python', 'na', 'Sit Down'),
(2346, 'Mining Racer Coaster', 'na', 'Sit Down'),
(2347, 'Crazy Coaster', 'na', 'Spinning'),
(2348, 'Rollercoaster Wikingów', 'Steel', 'Sit Down'),
(2349, 'Wilkołak', 'Wooden', 'Sit Down'),
(2350, 'Orient Express', 'na', 'Sit Down'),
(2351, 'TMNT Shellraiser', 'na', 'Sit Down'),
(2352, 'The Shredder', 'na', 'Spinning'),
(2353, 'Fury', 'Steel', 'Sit Down'),
(2354, 'Max & Moritz (Max)', 'Steel', 'Sit Down'),
(2355, 'Looping Star', 'Steel', 'Sit Down'),
(2356, 'Eurostar', 'Steel', 'Inverted'),
(2357, 'Dragon Flier', 'na', 'Suspended'),
(2358, 'Tourbillon', 'Steel', 'Sit Down'),
(2359, 'Taiga', 'Steel', 'Sit Down'),
(2360, 'Crazy Skaters', 'na', 'Sit Down'),
(2361, 'Stunning Roller Coaster', 'na', 'Spinning'),
(2362, 'Le Jet', 'Steel', 'Sit Down'),
(2363, 'Bûche dansante', 'Steel', 'Spinning'),
(2364, 'Zadra', 'Hybrid', 'Sit Down'),
(2365, 'Unnamed Shockwave+', 'Steel', 'Sit Down'),
(2366, 'Bad Trip', 'na', 'Spinning'),
(2367, 'Grosse Pomme', 'Steel', 'Sit Down'),
(2368, 'Pioneer', 'na', 'Sit Down'),
(2369, 'Sea Dragon', 'Wooden', 'Sit Down'),
(2370, 'U-shaped Roller Coaster', 'Steel', 'Wing'),
(2371, 'Across Amazon', 'Steel', 'Water Coaster'),
(2372, 'Spinning Coaster', 'Steel', 'Spinning'),
(2373, 'Suspended Looping Coaster', 'Steel', 'Inverted'),
(2374, 'Project 1', 'na', 'Sit Down'),
(2375, 'Freestyle', 'na', 'Stand Up'),
(2376, 'Supersplash', 'na', 'Water Coaster'),
(2377, 'Silberpfeil', 'na', 'Sit Down'),
(2378, 'K2', 'na', 'Sit Down'),
(2379, 'Unknown', 'na', 'Sit Down'),
(2380, 'Copperhead Strike', 'Steel', 'Sit Down'),
(2381, 'Iron Shark', 'Steel', 'Sit Down'),
(2382, 'Predator', 'Steel', 'Sit Down'),
(2383, 'Spider-Man Doc Ock\'s Revenge', 'Steel', 'Spinning'),
(2384, 'Polar Coaster', 'Steel', 'Sit Down'),
(2385, 'Cascabel 2.0', 'Steel', 'Sit Down'),
(2386, 'Montaña Rusa', 'Wooden', 'Sit Down'),
(2387, 'Quimera', 'Steel', 'Sit Down'),
(2388, 'Ratón Loco', 'Steel', 'Spinning'),
(2389, 'Gadget\'s Go Coaster', 'Steel', 'Sit Down'),
(2390, 'Space Mountain', 'Steel', 'Sit Down'),
(2391, 'Squalotto', 'Steel', 'Sit Down'),
(2392, 'Vertigo', 'Steel', 'Sit Down'),
(2393, 'En avant Seccotine', 'Steel', 'Sit Down'),
(2394, 'Caterpillar', 'na', 'Sit Down'),
(2395, 'Chenille', 'na', 'Sit Down'),
(2396, 'Speed Coaster', 'na', 'Sit Down'),
(2397, 'Ciclón', 'na', 'Sit Down'),
(2398, 'Gold Mine', 'na', 'Sit Down'),
(2399, 'Crazy Mouse', 'na', 'Spinning'),
(2400, 'Crazy Coaster', 'na', 'Spinning'),
(2501, 'N/A', 'na', 'Sit Down'),
(2502, 'Falcon', 'na', 'Wing'),
(2503, 'Dream Factory', 'na', 'Sit Down'),
(2504, 'Velikolukskiy Myasokombinat-2', 'Steel', 'Sit Down'),
(2505, 'Steam Racers', 'na', 'Sit Down'),
(2506, 'Unnamed Hyper Coaster', 'Steel', 'Sit Down'),
(2507, 'Velikolukskiy Myasokombinat', 'Steel', 'Sit Down'),
(2508, 'Unnamed Family Dueling', 'Steel', 'Sit Down'),
(2509, 'Unnamed Wing Rider', 'na', 'Wing'),
(2510, 'N/A', 'Steel', 'Sit Down'),
(2511, 'Forest Trains', 'Steel', 'Sit Down'),
(2512, 'Rapid Train', 'Steel', 'Sit Down'),
(2513, 'Heaven\'s Wing', 'na', 'Wing'),
(2514, 'unknown', 'na', 'Spinning'),
(2515, 'unknown', 'na', 'Sit Down'),
(2516, 'Alien vs Predator', 'Steel', 'Sit Down'),
(2517, 'Sons of Anarchy & Weyland Yutani', 'Steel', 'Sit Down'),
(2518, 'Wings Over Rio', 'Steel', 'Sit Down'),
(2519, 'N/A', 'na', 'Sit Down'),
(2520, 'Launch Coaster', 'Steel', 'Sit Down'),
(2521, 'Mine Car', 'na', 'Sit Down'),
(2522, 'Flying Coaster', 'Steel', 'Flying'),
(2523, 'Corkscrew', 'na', 'Sit Down'),
(2524, 'Broken Rail Coaster', 'na', 'Sit Down'),
(2525, 'Column Spin Block', 'na', 'Spinning'),
(2526, 'Eleventh Roller Coaster', 'Steel', 'Sit Down'),
(2527, 'Family Roller Coaster', 'na', 'Sit Down'),
(2528, 'Hanging Roller Coaster', 'na', 'Inverted'),
(2529, 'Mine Roller Coaster', 'na', 'Sit Down'),
(2530, 'Motor Coaster', 'na', 'Motorbike'),
(2531, 'Super Spinning Coaster', 'na', 'Spinning'),
(2532, 'Vertical Roller Coaster', 'na', 'Sit Down'),
(2533, 'Spinning Coaster', 'na', 'Sit Down'),
(2534, 'Speed Coaster', 'na', 'Sit Down'),
(2535, 'Fruit Worm Coaster', 'na', 'Sit Down'),
(2536, 'unknown', 'na', 'Sit Down'),
(2537, 'Oscar\'s Wacky Taxi', 'Wooden', 'Sit Down'),
(2538, 'Vapor Trail', 'na', 'Sit Down'),
(2539, 'Non Renseigné', 'na', 'Sit Down'),
(2540, 'Non Renseigné', 'na', 'Sit Down'),
(2541, 'Dawson Duel (Right)', 'na', 'Alpine'),
(2542, 'Dawson Duel (Left)', 'na', 'Alpine'),
(2543, 'Trapper Slider', 'na', 'Alpine'),
(2544, 'Coco Beach', 'na', 'Sit Down'),
(2545, 'Bruco Mela', 'Steel', 'Sit Down'),
(2546, 'Gemini (Red)', 'Hybrid', 'Sit Down'),
(2547, 'Jijig Galzo Holgana', 'Steel', 'Sit Down'),
(2548, 'Toirog Zam', 'Steel', 'Sit Down'),
(2549, 'Bobovka', 'na', 'Alpine'),
(2550, 'Bobová Dráha', 'na', 'Alpine'),
(2551, 'Luge', 'na', 'Alpine'),
(2552, 'Luge', 'na', 'Alpine'),
(2553, 'Wiz Luge', 'na', 'Alpine'),
(2554, 'Luge Alpine', 'na', 'Alpine'),
(2555, 'Schlitte Mountain', 'na', 'Alpine'),
(2556, 'Luge sur rail', 'na', 'Alpine'),
(2557, 'Luge sur rails', 'na', 'Alpine'),
(2558, 'Luge sur rail', 'na', 'Alpine'),
(2559, 'Mountain Luge', 'na', 'Alpine'),
(2560, 'Verdon Express', 'na', 'Alpine'),
(2561, 'Orrian Express', 'na', 'Alpine'),
(2562, 'Luge Dévale', 'na', 'Alpine'),
(2563, 'Speed Luge', 'na', 'Alpine'),
(2564, 'Luge sur rail', 'na', 'Alpine'),
(2565, 'La Comète', 'na', 'Alpine'),
(2566, 'Luge', 'na', 'Alpine'),
(2567, 'Mountain Twister', 'na', 'Alpine'),
(2568, 'Luge 4S', 'na', 'Alpine'),
(2569, 'Luge Alpine Coaster', 'na', 'Alpine'),
(2570, 'Unnamed Quadruple Launch Coaster', 'Steel', 'Sit Down'),
(2571, 'Dragon Coaster', 'na', 'Sit Down'),
(2572, 'Atlantis Spin', 'na', 'Spinning'),
(2573, 'West Coast Racer', 'na', 'Sit Down'),
(2574, 'Maxx Force', 'Steel', 'Sit Down'),
(2575, 'Batman: The Ride', 'Steel', '4th Dimension'),
(2576, 'Crazy Coaster', 'Steel', 'Spinning'),
(2577, 'Creepy Crawler', 'na', 'Sit Down'),
(2578, 'Crocodile Coaster', 'na', 'Sit Down'),
(2579, 'Crazy Loop', 'na', 'Sit Down'),
(2580, 'Ragin\' Cajun', 'na', 'Sit Down'),
(2581, 'Tigris', 'Steel', 'Sit Down'),
(2582, 'RMC Gwazi', 'Hybrid', 'Sit Down'),
(2583, 'Super Roller Coaster', 'Steel', 'Sit Down'),
(2584, 'Jet Star', 'na', 'Sit Down'),
(2585, 'Le Dragon', 'na', 'Sit Down'),
(2586, 'Mouse Coaster', 'na', 'Sit Down'),
(2587, 'Sommerrodelbahn', 'na', 'Alpine'),
(2588, 'Moselbob', 'na', 'Alpine'),
(2589, 'Rodelbaan', 'na', 'Sit Down'),
(2590, 'Lieveheersbeestjes', 'na', 'Sit Down'),
(2591, 'Jul\'s RollerSkates', 'Steel', 'Sit Down'),
(2592, 'Unknown', 'Steel', 'Sit Down'),
(2593, 'Unknown Launch Coaster', 'Steel', 'Sit Down'),
(2594, 'Pantheon', 'Steel', 'Sit Down'),
(2595, 'Candymonium', 'Steel', 'Sit Down'),
(2596, 'Sky Rocket', 'na', 'Sit Down'),
(2597, 'Penguin Coaster', 'na', 'Sit Down'),
(2598, 'Jungle Coaster', 'na', 'Sit Down'),
(2599, 'Frankie\'s Mine', 'Steel', 'Sit Down'),
(2600, 'Speed Chenille', 'Steel', 'Sit Down'),
(2701, 'Kukulcan', 'Steel', 'Sit Down'),
(2702, 'Rocket Cycles', 'Steel', 'Motorbike'),
(2703, 'Luge Monty Express', 'Steel', 'Alpine'),
(2704, 'Saven', 'Steel', 'Sit Down'),
(2705, 'Molines Sensation', 'Steel', 'Alpine'),
(2706, 'Schneisenfeger', 'Steel', 'Alpine'),
(2707, 'Arena Coaster', 'Steel', 'Alpine'),
(2708, 'Firebird', 'Steel', 'Floorless'),
(2709, 'Mantis', 'Steel', 'Stand Up'),
(2710, 'Vortex', 'Steel', 'Stand Up'),
(2711, 'Grand Canyon', 'Steel', 'Sit Down'),
(2712, 'Seydi Reis', 'Steel', 'Sit Down'),
(2713, 'Frida', 'Steel', 'Sit Down'),
(2714, 'Venus GP (Reloc)', 'Steel', 'Sit Down'),
(2715, 'Unnamed Wooden Coaster', 'Wooden', 'Sit Down'),
(2716, 'Alton Mouse', 'Steel', 'Sit Down'),
(2717, 'New Beast', 'Steel', 'Sit Down'),
(2718, 'Thunderlooper', 'Steel', 'Sit Down'),
(2719, 'Monstre (Red)', 'Wooden', 'Sit Down'),
(2720, 'Mini-Jet Family Coaster', 'na', 'na'),
(2721, 'Kozmo\'s Kurves', 'Steel', 'Sit Down'),
(2722, 'Racer (Left)', 'Wooden', 'Sit Down'),
(2723, 'Racer (Right)', 'Wooden', 'Sit Down'),
(2724, 'Diggy & Daggy\'s Tram Coaster', 'Steel', 'Sit Down'),
(2725, 'Vortex', 'Steel', 'Sit Down'),
(2726, 'Mini Express', 'Steel', 'Sit Down'),
(2727, 'Bumble Blast', 'Steel', 'Sit Down'),
(2728, 'Ridge Runner Mountain Coaster', 'Steel', 'na'),
(2729, 'Ladybug Roller Coaster', 'Steel', 'Sit Down'),
(2730, 'Eifel Blitz', 'Steel', 'Sit Down'),
(2731, 'Eifel-Coaster', 'Steel', 'Alpine'),
(2732, 'Käpt\'n Jack\'s Wilde Maus', 'Steel', 'Sit Down'),
(2733, 'Pinball X', 'Steel', 'Sit Down'),
(2734, 'Family Coaster', 'Steel', 'Sit Down'),
(2735, 'Wild Mouse', 'Steel', 'Sit Down'),
(2736, 'Kids Coaster', 'Steel', 'Sit Down'),
(2737, 'Kid\'s Coaster Kujira Ku-Chan', 'Steel', 'Sit Down'),
(2738, 'Junior Roller Coaster', 'Steel', 'Sit Down'),
(2739, 'Mad Mouse', 'Steel', 'Sit Down'),
(2740, 'Vivace', 'Steel', 'Sit Down'),
(2741, 'Kids Coaster', 'Steel', 'Sit Down'),
(2742, 'Lady Bird Coaster', 'Steel', 'Sit Down'),
(2743, 'Spaceship 2056', 'Steel', 'Sit Down'),
(2744, 'Imomushi-kun', 'Steel', 'Sit Down'),
(2745, 'Himalaya Coaster', 'Steel', 'Sit Down'),
(2746, 'Child Coaster', 'Steel', 'Sit Down'),
(2747, 'Jet Coaster', 'Steel', 'Sit Down'),
(2748, 'New Wild Mouse', 'Steel', 'Sit Down'),
(2749, 'Dolphin', 'na', 'na'),
(2750, 'Dragon Coaster', 'na', 'na'),
(2751, 'Family Coaster', 'Steel', 'Sit Down'),
(2752, 'Wild Lightnin\'', 'Steel', 'Sit Down'),
(2753, 'Wacky Worm', 'Steel', 'Sit Down'),
(2754, 'Cannon Ball', 'Wooden', 'Sit Down'),
(2755, 'Hell Cat', 'Wooden', 'Sit Down'),
(2756, 'Dragon Coaster', 'Steel', 'Sit Down'),
(2757, 'Big Adventure Coaster', 'na', 'na'),
(2758, 'Little Adventure', 'na', 'na'),
(2759, 'Pandafull Coaster', 'na', 'na'),
(2760, 'Dolphin Coaster', 'na', 'na'),
(2761, 'Spinning Coaster', 'na', 'na'),
(2762, 'Three Loop Atomic Coaster', 'na', 'na'),
(2763, 'Mine Train', 'Steel', 'na'),
(2764, 'Bat From Heaven', 'na', 'Suspended'),
(2765, 'Achterbahn', 'Steel', 'Sit Down'),
(2766, 'African Spin', 'Steel', 'Sit Down'),
(2767, 'Gold Rusher', 'Steel', 'Sit Down'),
(2768, 'Legend', 'Wooden', 'na'),
(2769, 'Little Coaster', 'na', 'na'),
(2770, 'Wild Mouse', 'na', 'na'),
(2771, 'Aero 5', 'na', 'na'),
(2772, 'Cork Screw', 'na', 'na'),
(2773, 'Jet Coaster', 'na', 'na'),
(2774, 'Yagiyama Cyclone', 'na', 'na'),
(2775, 'Chupy Coaster', 'na', 'na'),
(2776, 'Pink Typhoon Standing Coaster', 'na', 'na'),
(2777, 'Ultra Twister', 'na', 'Pipeline'),
(2778, 'Little Dipper', 'na', 'na'),
(2779, 'Merlin\'s Revenge', 'na', 'na'),
(2780, 'Screamin\' Demon', 'na', 'na'),
(2781, 'Jungle Pulley', 'na', 'Spinning'),
(2782, 'Jungle Squirrels', 'na', 'na'),
(2783, 'Longfeng Roller Coaster', 'na', 'na'),
(2784, 'Magic Ring', 'na', 'na'),
(2785, 'Sekf-Spinning Pulley', 'na', 'Spinning'),
(2786, 'Shenzhou Surfing', 'na', 'na'),
(2787, 'Sliding Dragon', 'na', 'na'),
(2788, 'Spinning Surfboat', 'na', 'na'),
(2789, 'Blue Streak', 'Wooden', 'na'),
(2790, 'Devil\'s Den', 'Wooden', 'na'),
(2791, 'Little Dipper', 'na', 'na'),
(2792, 'Toboggan', 'na', 'na'),
(2793, 'Spinning Yacht', 'Steel', 'na'),
(2794, 'E-Powered', 'Steel', 'na'),
(2795, 'Jungle Mouse', 'Steel', 'na'),
(2796, 'Twin Helix', 'Steel', 'na'),
(2797, 'Cyclone', 'Steel', 'Sit Down'),
(2798, 'Dragon Challenge', 'Steel', 'Sit Down'),
(2799, 'Wild Mouse', 'Steel', 'Spinning'),
(2800, 'Unnamed Atlantica Supersplash Clone', 'Steel', 'Sit Down'),
(2801, 'Unknown Duelling Launch Coaster', 'Steel', 'na'),
(2802, 'Black Diamond', 'Steel', 'Sit Down');

-- --------------------------------------------------------

--
-- Structure de la table `fact`
--

CREATE TABLE `fact` (
  `idpark` int(10) DEFAULT NULL,
  `id_roller` int(10) DEFAULT NULL,
  `idmanufacturer` int(10) DEFAULT NULL,
  `speed` varchar(8) DEFAULT NULL,
  `height` varchar(4) DEFAULT NULL,
  `length` varchar(6) DEFAULT NULL
) ENGINE=InnoDB DEFAULT CHARSET=utf8mb4 COLLATE=utf8mb4_general_ci;

--
-- Déchargement des données de la table `fact`
--

INSERT INTO `fact` (`idpark`, `id_roller`, `idmanufacturer`, `speed`, `height`, `length`) VALUES
(1, 1, 1, '75.0', '37.0', '950.0'),
(2, 2, 1, '45.0', '25.0', '600.0'),
(3, 3, 2, '30.0', '8.0', '250.0'),
(4, 492, 3, '85.0', '35.0', '1200.0'),
(5, 5, 4, '55.0', '17.0', '500.0'),
(6, 1432, 5, '70.0', '20.0', '400.0'),
(7, 7, 6, '80.0', '32.0', '823.0'),
(8, 1011, 1, '60.0', '22.0', '1500.0'),
(9, 9, 1, '76.0', '36.0', '285.0'),
(10, 10, 1, '48.0', '14.0', '785.0'),
(11, 11, 7, 'Sit Down', '30.0', ''),
(10, 1402, 1, '76.0', '36.0', '285.0'),
(9, 1001, 8, '36.0', '8.0', '360.0'),
(12, 14, 9, '60.0', '', '540.0'),
(4, 1224, 1, '64.0', '24.0', ''),
(6, 16, 9, '65.0', '15.0', '450.0'),
(13, 17, 10, '', '3.0', ''),
(14, 18, 11, '', '', ''),
(15, 19, 12, '80.0', '28.0', '980.0'),
(15, 20, 12, '60.0', '26.0', '877.0'),
(16, 21, 13, '120.0', '53.0', '1220.0'),
(17, 22, 4, '50.0', '12.0', '380.0'),
(8, 23, 13, '58.0', '18.0', '566.0'),
(18, 24, 1, '83.0', '34.0', '689.0'),
(19, 25, 13, '60.0', '16.0', '620.0'),
(10, 26, 1, '80.0', '28.0', '1035.0'),
(3, 27, 14, '92.0', '38.0', '1150.0'),
(2, 28, 1, '58.0', '16.0', '436.0'),
(1, 29, 8, '32.0', '6.0', '200.0'),
(15, 30, 12, '70.0', '23.0', '836.0'),
(20, 31, 1, '92.0', '24.0', '1037.0'),
(1, 32, 8, '26.0', '3.0', '60.0'),
(15, 33, 6, '127.0', '73.0', '1620.0'),
(7, 34, 6, '105.0', '50.0', '1200.0'),
(1, 35, 12, '60.0', '31.0', '900.0'),
(7, 36, 1, '106.0', '58.0', '367.0'),
(5, 37, 15, '40.0', '13.0', '360.0'),
(3, 38, 1, '80.0', '33.0', '689.0'),
(7, 39, 8, '36.0', '8.0', '360.0'),
(10, 40, 9, '85.0', '42.0', '260.0'),
(1, 41, 16, '84.0', '30.0', '1233.0'),
(3, 42, 2, '45.0', '6.0', '394.0'),
(2, 43, 17, '80.0', '26.0', '670.0'),
(15, 897, 12, '50.0', '19.0', '487.0'),
(10, 137, 1, '80.0', '33.0', '689.0'),
(1, 46, 8, '42.0', '11.0', '410.0'),
(21, 1251, 18, '70.0', '15.0', '330.0'),
(19, 784, 14, '80.0', '28.0', '1099.0'),
(9, 593, 2, '', '', '220.0'),
(19, 50, 1, '80.0', '33.0', '689.0'),
(18, 51, 2, '', '', ''),
(13, 1810, 13, '80.0', '30.0', '800.0'),
(22, 53, 1, '35.0', '9.0', '207.0'),
(22, 54, 16, '48.0', '14.0', '440.0'),
(23, 55, 6, '81.0', '13.0', '716.0'),
(22, 56, 16, '72.0', '26.0', '945.0'),
(22, 57, 19, '', '17.0', '1008.0'),
(22, 58, 6, '105.0', '45.0', '1270.0'),
(6, 59, 5, '26.0', '3.0', ''),
(6, 60, 12, '60.0', '18.0', '800.0'),
(24, 61, 1, '65.0', '30.0', ''),
(25, 62, 5, '50.0', '12.0', '434.0'),
(25, 63, 8, '36.0', '8.0', '360.0'),
(21, 2751, 5, '20.0', '6.0', '160.0'),
(6, 65, 12, '36.0', '8.0', ''),
(12, 66, 4, '40.0', '5.0', '200.0'),
(26, 67, 2, '40.0', '13.0', '270.0'),
(21, 68, 2, '10.0', '3.0', '90.0'),
(14, 69, 4, '60.0', '12.0', ''),
(12, 70, 4, '60.0', '12.0', '400.0'),
(27, 71, 1, '80.0', '33.0', '765.0'),
(28, 72, 12, '36.0', '4.0', '250.0'),
(28, 73, 1, '46.0', '13.0', '335.0'),
(27, 74, 13, '60.0', '17.0', '700.0'),
(29, 1338, 20, '40.0', '8.0', ''),
(28, 76, 6, '104.0', '50.0', '1200.0'),
(27, 77, 1, '70.0', '30.0', '700.0'),
(29, 78, 5, '', '', ''),
(27, 79, 5, '35.0', '6.0', ''),
(28, 80, 21, '35.0', '15.0', '360.0'),
(28, 81, 3, '100.0', '35.0', '1000.0'),
(29, 82, 5, '', '', ''),
(30, 83, 5, '40.0', '6.0', ''),
(31, 2193, 5, '', '', ''),
(32, 85, 2, '', '', ''),
(33, 86, 9, '81.0', '40.0', ''),
(33, 2523, 1, '64.0', '23.0', '725.0'),
(31, 2797, 22, '68.0', '18.0', '762.0'),
(33, 89, 11, '29.0', '6.0', '150.0'),
(31, 90, 23, '', '12.0', '487.0'),
(33, 91, 9, '86.0', '33.0', '990.0'),
(32, 501, 13, '80.0', '36.0', '500.0'),
(32, 93, 5, '25.0', '5.0', ''),
(33, 94, 5, '46.0', '13.0', '335.0'),
(31, 95, 1, '80.0', '34.0', '689.0'),
(33, 2799, 24, '45.0', '15.0', '370.0'),
(31, 97, 5, '46.0', '13.0', '335.0'),
(23, 98, 6, '75.0', '20.0', '840.0'),
(34, 881, 12, '50.0', '20.0', '455.0'),
(23, 100, 5, '25.0', '5.0', ''),
(64, 1076, 9, '63.0', '17.0', '791.0'),
(61, 1488, 9, '', '', ''),
(73, 2765, 9, '50.0', '15.0', '560.0'),
(48, 2722, 35, '98.0', '27.0', '1040.0'),
(79, 2777, 38, '71.0', '29.0', '426.0'),
(45, 780, 6, '96.0', '43.0', '1210.0'),
(52, 1402, 13, '77.0', '26.0', '785.0'),
(52, 137, 6, '81.0', '32.0', '823.0'),
(44, 1476, 6, '92.0', '42.0', '1155.0'),
(91, 1402, 18, '', '47.0', '150.0'),
(95, 2765, 8, '', '', ''),
(68, 411, 42, '81.0', '27.0', '975.0'),
(10, 2392, 44, '60.0', '55.0', '722.0'),
(40, 1284, 13, '113.0', '55.0', '1341.0'),
(98, 1220, 4, '', '10.0', ''),
(44, 2523, 19, '70.0', '23.0', '615.0'),
(61, 2584, 9, '', '20.0', '540.0'),
(100, 468, 6, '82.0', '32.0', '840.0'),
(102, 1052, 19, '58.0', '29.0', '549.0'),
(106, 2142, 47, '', '21.0', '873.0'),
(106, 2797, 3, '72.0', '32.0', '1100.0'),
(106, 948, 1, '75.0', '36.0', '267.0'),
(106, 1031, 17, '50.0', '17.0', '410.0'),
(86, 2171, 19, '', '11.0', '731.0'),
(86, 1058, 19, '', '6.0', '277.0'),
(86, 501, 9, '96.0', '35.0', '1097.0'),
(86, 948, 1, '75.0', '36.0', '267.0'),
(86, 419, 6, '81.0', '32.0', '823.0'),
(61, 2586, 23, '50.0', '18.0', '450.0'),
(52, 454, 6, '110.0', '53.0', '1231.0'),
(44, 2161, 9, '50.0', '15.0', '560.0'),
(44, 593, 1, '46.0', '13.0', '335.0'),
(15, 690, 12, '65.0', '15.0', '400.0'),
(46, 126, 49, '100.0', '38.0', '1318.0'),
(107, 406, 1, '76.0', '36.0', '267.0'),
(107, 2382, 48, '80.0', '29.0', '1036.0'),
(107, 448, 19, '80.0', '37.0', '945.0'),
(48, 593, 35, '', '', '411.0'),
(48, 494, 29, '87.0', '23.0', '825.0'),
(48, 502, 10, '', '', '61.0'),
(48, 845, 19, '82.0', '24.0', '716.0'),
(48, 2725, 19, '89.0', '45.0', '1158.0'),
(74, 462, 6, '81.0', '32.0', '821.0'),
(108, 1884, 2, '', '', ''),
(102, 1372, 43, '52.0', '20.0', '817.0'),
(102, 473, 1, '80.0', '33.0', '689.0'),
(45, 2186, 19, '80.0', '21.0', '381.0'),
(104, 690, 48, '55.0', '15.0', '492.0'),
(110, 1057, 1, '76.0', '36.0', '285.0'),
(110, 2522, 2, '41.0', '15.0', '391.0'),
(110, 695, 19, '72.0', '17.0', '193.0'),
(111, 1810, 1, '70.0', '22.0', '370.0'),
(112, 795, 12, '36.0', '4.0', '250.0'),
(112, 2523, 19, '63.0', '21.0', '383.0'),
(112, 2797, 38, '65.0', '18.0', '822.0'),
(112, 611, 9, '91.0', '42.0', '263.0'),
(99, 1057, 1, '76.0', '36.0', '285.0'),
(99, 1435, 19, '', '22.0', '732.0'),
(82, 1435, 24, '45.0', '15.0', '370.0'),
(82, 1215, 1, '36.0', '9.0', '207.0'),
(82, 403, 1, '80.0', '31.0', '662.0'),
(82, 575, 48, '85.0', '27.0', '869.0'),
(82, 405, 16, '89.0', '24.0', '914.0'),
(113, 406, 1, '76.0', '36.0', '285.0'),
(113, 1402, 8, '36.0', '8.0', '360.0'),
(113, 408, 1, '80.0', '34.0', '689.0'),
(113, 421, 6, '105.0', '46.0', '1200.0'),
(113, 410, 2, '', '3.0', '86.0'),
(113, 411, 42, '81.0', '29.0', '1003.0'),
(113, 449, 13, '105.0', '46.0', '192.0'),
(114, 533, 6, '96.0', '46.0', '939.0'),
(114, 414, 53, '120.0', '63.0', '1700.0'),
(114, 415, 48, '85.0', '31.0', '1290.0'),
(114, 1057, 1, '76.0', '36.0', '285.0'),
(114, 417, 17, '50.0', '17.0', '410.0'),
(114, 2334, 34, '26.0', '3.0', '135.0'),
(115, 419, 1, '80.0', '34.0', '689.0'),
(115, 1057, 1, '76.0', '36.0', '285.0'),
(115, 421, 16, '88.0', '32.0', '956.0'),
(115, 422, 1, '35.0', '9.0', '207.0'),
(115, 423, 53, '120.0', '67.0', '1700.0'),
(115, 1271, 8, '36.0', '8.0', '360.0'),
(61, 425, 5, '26.0', '3.0', ''),
(61, 2765, 5, '', '', ''),
(61, 427, 15, '43.0', '16.0', '370.0'),
(61, 428, 9, '80.0', '27.0', '910.0'),
(61, 881, 5, '', '', ''),
(61, 430, 23, '', '', ''),
(61, 431, 5, '', '', '138.0'),
(61, 432, 12, '', '', ''),
(105, 1402, 5, '', '', ''),
(61, 2576, 15, '47.0', '', ''),
(61, 2576, 2, '', '', '420.0'),
(116, 436, 23, '', '', ''),
(116, 437, 21, '23.0', '4.0', '60.0'),
(116, 438, 42, '89.0', '31.0', '985.0'),
(116, 439, 19, '101.0', '50.0', '818.0'),
(117, 440, 54, '95.0', '50.0', ''),
(117, 441, 12, '', '', ''),
(117, 442, 8, '68.0', '24.0', '702.0'),
(117, 443, 9, '92.0', '42.0', '263.0'),
(117, 492, 30, '90.0', '34.0', '746.0'),
(56, 462, 6, '81.0', '31.0', '823.0'),
(56, 458, 1, '106.0', '58.0', '367.0'),
(56, 447, 9, '68.0', '21.0', '945.0'),
(56, 448, 35, '81.0', '31.0', '1054.0'),
(56, 449, 13, '113.0', '56.0', '192.0'),
(56, 468, 6, '82.0', '32.0', '853.0'),
(56, 451, 1, '35.0', '9.0', '207.0'),
(56, 2580, 2, '47.0', '13.0', '420.0'),
(100, 453, 35, '92.0', '32.0', '1052.0'),
(100, 454, 6, '112.0', '61.0', '1365.0'),
(100, 455, 6, '87.0', '33.0', '914.0'),
(100, 462, 6, '81.0', '32.0', '823.0'),
(100, 457, 19, '47.0', '11.0', '708.0'),
(100, 458, 1, '106.0', '58.0', '367.0'),
(100, 459, 48, '81.0', '29.0', '905.0'),
(118, 460, 13, '55.0', '', ''),
(40, 461, 29, '113.0', '61.0', '347.0'),
(40, 462, 6, '81.0', '32.0', '821.0'),
(40, 463, 8, '36.0', '8.0', '360.0'),
(40, 464, 2, '', '3.0', '85.0'),
(40, 1219, 55, '90.0', '29.0', '975.0'),
(40, 2171, 19, '61.0', '', ''),
(40, 467, 13, '53.0', '12.0', ''),
(40, 468, 6, '82.0', '32.0', '841.0'),
(49, 2756, 2, '', '', ''),
(49, 470, 9, '80.0', '28.0', '670.0'),
(49, 471, 53, '120.0', '61.0', '1706.0'),
(49, 472, 6, '93.0', '41.0', '950.0'),
(49, 473, 35, '64.0', '24.0', '845.0'),
(49, 2799, 24, '45.0', '15.0', '370.0'),
(49, 475, 56, '', '', ''),
(49, 476, 2, '', '3.0', '85.0'),
(52, 1057, 1, '76.0', '36.0', '285.0'),
(119, 2399, 15, '47.0', '13.0', '420.0'),
(52, 1884, 13, '', '', ''),
(119, 480, 13, '58.0', '19.0', '695.0'),
(52, 481, 19, '', '', ''),
(52, 482, 1, '64.0', '23.0', '732.0'),
(119, 483, 57, '', '', ''),
(52, 484, 2, '18.0', '13.0', '270.0'),
(119, 485, 58, '', '', ''),
(119, 486, 58, '70.0', '', '1300.0'),
(66, 487, 38, '32.0', '', '240.0'),
(51, 488, 23, '', '', ''),
(51, 489, 2, '', '', ''),
(51, 490, 19, '77.0', '25.0', '921.0'),
(51, 491, 6, '106.0', '37.0', '937.0'),
(87, 492, 19, '81.0', '44.0', '823.0'),
(87, 881, 12, '', '', ''),
(87, 494, 29, '87.0', '23.0', '825.0'),
(87, 528, 23, '', '27.0', '960.0'),
(87, 596, 35, '80.0', '25.0', '962.0'),
(87, 569, 29, '64.0', '14.0', '597.0'),
(87, 498, 35, '90.0', '26.0', '1027.0'),
(87, 499, 12, '56.0', '16.0', '400.0'),
(87, 593, 35, '56.0', '11.0', '422.0'),
(87, 501, 38, '81.0', '29.0', '680.0'),
(87, 502, 10, '', '', ''),
(120, 503, 5, '', '5.0', ''),
(121, 504, 13, '80.0', '30.0', '1081.0'),
(54, 505, 1, '46.0', '13.0', '335.0'),
(54, 506, 59, '', '', ''),
(80, 1884, 60, '', '27.0', '686.0'),
(80, 508, 16, '77.0', '20.0', '853.0'),
(80, 1810, 3, '93.0', '28.0', '866.0'),
(122, 510, 58, '52.0', '12.0', '489.0'),
(122, 511, 12, '66.0', '20.0', '815.0'),
(122, 512, 6, '100.0', '45.0', '1234.0'),
(41, 513, 38, '130.0', '79.0', '2045.0'),
(41, 514, 61, '50.0', '23.0', '480.0'),
(41, 2739, 62, '31.0', '11.0', '343.0'),
(41, 516, 38, '', '', ''),
(41, 517, 62, '', '3.0', ''),
(123, 518, 17, '70.0', '18.0', '500.0'),
(94, 519, 8, '36.0', '8.0', '360.0'),
(124, 520, 62, '73.0', '29.0', '2340.0'),
(124, 2751, 2, '', '3.0', '85.0'),
(124, 522, 38, '75.0', '43.0', '1050.0'),
(124, 523, 63, '', '', ''),
(124, 524, 6, '90.0', '40.0', '1200.0'),
(124, 525, 19, '70.0', '23.0', '488.0'),
(124, 2799, 12, '45.0', '14.0', '370.0'),
(103, 992, 19, '81.0', '31.0', '649.0'),
(103, 528, 64, '89.0', '28.0', '991.0'),
(103, 529, 19, '', '', '383.0'),
(103, 593, 13, '', '', '396.0'),
(103, 531, 10, '', '', ''),
(103, 577, 6, '81.0', '31.0', '689.0'),
(103, 533, 6, '72.0', '28.0', '585.0'),
(125, 534, 65, '', '29.0', '1018.0'),
(125, 535, 10, '', '', ''),
(125, 801, 1, '80.0', '33.0', '689.0'),
(125, 537, 2, '', '', ''),
(125, 538, 24, '105.0', '46.0', '150.0'),
(125, 539, 19, '60.0', '13.0', '716.0'),
(126, 2386, 23, '', '9.0', ''),
(126, 541, 2, '', '', ''),
(127, 558, 13, '70.0', '30.0', '70.0'),
(127, 2584, 9, '50.0', '14.0', '538.0'),
(127, 544, 1, '60.0', '20.0', '350.0'),
(127, 1810, 13, '75.0', '25.0', '700.0'),
(127, 546, 2, '41.0', '15.0', '391.0'),
(127, 547, 8, '26.0', '3.0', '60.0'),
(128, 548, 13, '85.0', '36.0', '790.0'),
(128, 549, 8, '36.0', '8.0', '360.0'),
(26, 1057, 1, '76.0', '36.0', '285.0'),
(129, 551, 5, '', '', ''),
(83, 552, 12, '58.0', '17.0', '336.0'),
(83, 553, 29, '60.0', '24.0', '330.0'),
(26, 554, 8, '36.0', '8.0', '360.0'),
(83, 555, 8, '40.0', '7.0', '360.0'),
(83, 556, 12, '37.0', '7.0', '293.0'),
(130, 557, 1, '80.0', '', '590.0'),
(130, 558, 13, '70.0', '30.0', '70.0'),
(130, 559, 13, '72.0', '30.0', '850.0'),
(131, 560, 6, '80.0', '32.0', '823.0'),
(131, 561, 1, '64.0', '24.0', '585.0'),
(131, 562, 16, '90.0', '34.0', '1220.0'),
(131, 563, 21, '40.0', '12.0', '263.0'),
(131, 564, 1, '35.0', '9.0', '207.0'),
(131, 565, 1, '75.0', '36.0', '267.0'),
(132, 845, 1, '76.0', '36.0', '285.0'),
(132, 567, 19, '81.0', '24.0', '658.0'),
(132, 568, 12, '56.0', '16.0', '400.0'),
(132, 569, 29, '64.0', '14.0', '597.0'),
(132, 570, 35, '90.0', '27.0', '1167.0'),
(132, 571, 35, '56.0', '13.0', '413.0'),
(132, 572, 1, '42.0', '15.0', '342.0'),
(132, 573, 38, '82.0', '27.0', '673.0'),
(132, 574, 10, '', '', ''),
(132, 575, 12, '64.0', '10.0', '330.0'),
(132, 576, 2, '41.0', '15.0', '391.0'),
(132, 577, 1, '80.0', '33.0', '989.0'),
(132, 2725, 19, '89.0', '28.0', '780.0'),
(132, 579, 35, '90.0', '25.0', '960.0'),
(133, 580, 5, '', '', ''),
(133, 581, 16, '77.0', '26.0', '901.0'),
(133, 1804, 17, '95.0', '35.0', '610.0'),
(133, 583, 8, '36.0', '8.0', '360.0'),
(134, 584, 8, '30.0', '5.0', '128.0'),
(134, 585, 17, '72.0', '22.0', '428.0'),
(41, 586, 27, '126.0', '76.0', '1153.0'),
(135, 587, 1, '82.0', '35.0', '843.0'),
(135, 588, 19, '66.0', '20.0', '640.0'),
(135, 589, 19, '', '', '731.0'),
(61, 590, 5, '45.0', '10.0', '250.0'),
(136, 591, 16, '97.0', '35.0', '1440.0'),
(76, 592, 16, '92.0', '37.0', '1641.0'),
(135, 593, 35, '', '', '413.0'),
(135, 594, 59, '48.0', '13.0', '331.0'),
(135, 595, 10, '', '5.0', ''),
(135, 596, 16, '81.0', '25.0', '962.0'),
(135, 597, 12, '45.0', '14.0', '370.0'),
(135, 598, 1, '42.0', '15.0', '342.0'),
(135, 599, 35, '93.0', '28.0', '1164.0'),
(135, 600, 6, '100.0', '34.0', '900.0'),
(135, 2725, 6, '81.0', '27.0', '622.0'),
(137, 602, 27, '', '30.0', ''),
(137, 603, 13, '91.0', '34.0', '450.0'),
(138, 604, 53, '153.0', '97.0', '2479.0'),
(138, 2777, 38, '71.0', '29.0', '420.0'),
(138, 606, 23, '40.0', '', '822.0'),
(138, 607, 8, '32.0', '6.0', '200.0'),
(138, 2523, 19, '70.0', '21.0', '377.0'),
(138, 2773, 38, '', '', ''),
(121, 2355, 9, '75.0', '24.0', '592.0'),
(138, 611, 9, '85.0', '41.0', '260.0'),
(138, 612, 13, '102.0', '42.0', '1700.0'),
(138, 2799, 12, '', '14.0', '370.0'),
(139, 614, 8, '48.0', '11.0', '335.0'),
(139, 615, 9, '97.0', '44.0', '1280.0'),
(136, 1883, 23, '', '', ''),
(136, 2161, 32, '77.0', '26.0', '837.0'),
(136, 618, 1, '75.0', '35.0', '285.0'),
(104, 619, 66, '', '23.0', '420.0'),
(140, 2799, 15, '47.0', '13.0', '420.0'),
(76, 1372, 45, '', '5.0', ''),
(76, 2523, 19, '72.0', '21.0', '381.0'),
(76, 2739, 19, '', '21.0', '387.0'),
(76, 624, 48, '89.0', '26.0', '914.0'),
(140, 625, 1, '', '', '570.0'),
(141, 626, 8, '36.0', '8.0', '360.0'),
(141, 627, 12, '36.0', '14.0', '450.0'),
(141, 628, 1, '45.0', '13.0', '335.0'),
(141, 629, 12, '68.0', '24.0', '300.0'),
(141, 630, 50, '', '', ''),
(142, 631, 50, '36.0', '', '147.0'),
(142, 632, 57, '88.0', '38.0', '650.0'),
(142, 633, 57, '80.0', '28.0', '1200.0'),
(142, 1884, 2, '', '', ''),
(142, 635, 1, '80.0', '33.0', '689.0'),
(142, 636, 57, '70.0', '26.0', '704.0'),
(142, 637, 62, '31.0', '10.0', '236.0'),
(142, 638, 57, '47.0', '21.0', '500.0'),
(142, 639, 57, '63.0', '', '450.0'),
(2, 640, 12, '36.0', '10.0', '521.0'),
(19, 641, 12, '45.0', '14.0', '370.0'),
(19, 642, 1, '35.0', '9.0', '207.0'),
(168, 743, 1, '60.0', '20.0', '350.0'),
(169, 744, 58, '', '', ''),
(170, 745, 5, '', '', ''),
(170, 746, 5, '', '11.0', '365.0'),
(170, 747, 2, '47.0', '13.0', '420.0'),
(53, 1057, 1, '76.0', '36.0', '285.0'),
(53, 749, 42, '90.0', '36.0', '1382.0'),
(53, 750, 8, '56.0', '20.0', '793.0'),
(53, 751, 9, '89.0', '45.0', '244.0'),
(53, 1242, 6, '89.0', '45.0', '953.0'),
(53, 753, 31, '', '9.0', ''),
(171, 754, 4, '', '', ''),
(22, 755, 13, '135.0', '14.0', '900.0'),
(169, 756, 6, '90.0', '44.0', '1200.0'),
(83, 757, 13, '60.0', '26.0', '142.0'),
(172, 758, 5, '', '', ''),
(172, 2797, 74, '', '', ''),
(172, 760, 60, '', '24.0', '625.0'),
(173, 1402, 18, '85.0', '42.0', '215.0'),
(58, 762, 13, '100.0', '19.0', '650.0'),
(37, 763, 12, '30.0', '6.0', '234.0'),
(75, 764, 6, '120.0', '62.0', '950.0'),
(148, 765, 12, '80.0', '30.0', ''),
(174, 766, 17, '55.0', '18.0', '533.0'),
(116, 767, 17, '74.0', '35.0', '552.0'),
(175, 768, 8, '26.0', '3.0', '60.0'),
(175, 769, 13, '65.0', '19.0', ''),
(175, 770, 8, '', '', ''),
(175, 771, 75, '75.0', '22.0', '987.0'),
(153, 2502, 17, '', '22.0', '320.0'),
(176, 773, 1, '77.0', '36.0', '285.0'),
(176, 774, 9, '55.0', '16.0', '530.0'),
(176, 775, 8, '36.0', '8.0', '360.0'),
(177, 776, 5, '40.0', '7.0', '195.0'),
(177, 777, 75, '', '17.0', '980.0'),
(177, 778, 76, '', '', ''),
(177, 2355, 9, '77.0', '25.0', '592.0'),
(178, 780, 1, '80.0', '33.0', '689.0'),
(178, 781, 5, '', '11.0', '365.0'),
(179, 782, 2, '', '', ''),
(179, 783, 38, '80.0', '30.0', ''),
(180, 784, 38, '110.0', '60.0', '1560.0'),
(180, 785, 38, '', '25.0', ''),
(180, 786, 61, '30.0', '6.0', '148.0'),
(180, 787, 14, '84.0', '35.0', '1100.0'),
(181, 788, 2, '', '11.0', '270.0'),
(181, 905, 8, '', '', ''),
(181, 790, 1, '89.0', '35.0', '661.0'),
(181, 791, 16, '81.0', '34.0', '1006.0'),
(181, 792, 5, '', '', ''),
(181, 907, 1, '76.0', '36.0', '285.0'),
(180, 794, 38, '', '', ''),
(182, 795, 12, '', '', ''),
(182, 1057, 1, '76.0', '36.0', '285.0'),
(182, 797, 8, '', '', ''),
(182, 798, 8, '', '', ''),
(183, 799, 5, '', '', ''),
(183, 800, 23, '', '', ''),
(183, 801, 5, '', '', ''),
(183, 802, 23, '', '', ''),
(183, 2196, 24, '', '', ''),
(184, 804, 15, '47.0', '13.0', '420.0'),
(184, 1319, 75, '72.0', '21.0', '650.0'),
(184, 806, 23, '', '', ''),
(184, 807, 19, '132.0', '70.0', '975.0'),
(184, 2723, 43, '', '22.0', '686.0'),
(184, 2142, 75, '89.0', '29.0', '880.0'),
(185, 810, 4, '40.0', '10.0', '300.0'),
(186, 1402, 1, '76.0', '36.0', '285.0'),
(186, 812, 21, '', '16.0', '280.0'),
(186, 813, 42, '75.0', '27.0', '850.0'),
(187, 814, 8, '32.0', '6.0', '199.0'),
(187, 815, 8, '', '', ''),
(187, 1402, 17, '50.0', '17.0', '450.0'),
(188, 817, 77, '', '', ''),
(188, 818, 58, '', '', ''),
(188, 819, 38, '32.0', '10.0', '303.0'),
(188, 820, 19, '115.0', '54.0', '1530.0'),
(188, 821, 24, '86.0', '40.0', '1040.0'),
(188, 822, 13, '129.0', '63.0', '400.0'),
(189, 823, 13, '70.0', '38.0', '800.0'),
(190, 824, 13, '100.0', '40.0', '760.0'),
(190, 825, 1, '80.0', '33.0', '765.0'),
(190, 826, 1, '40.0', '11.0', '335.0'),
(190, 827, 12, '45.0', '17.0', '530.0'),
(71, 1804, 29, '113.0', '68.0', '416.0'),
(191, 829, 1, '', '', ''),
(191, 830, 1, '80.0', '33.0', '698.0'),
(191, 1218, 45, '', '', ''),
(191, 832, 2, '', '', ''),
(191, 833, 16, '84.0', '28.0', '817.0'),
(191, 834, 24, '45.0', '15.0', '370.0'),
(191, 1057, 1, '76.0', '36.0', '285.0'),
(191, 836, 1, '35.0', '9.0', '207.0'),
(192, 837, 1, '60.0', '12.0', '320.0'),
(192, 838, 1, '75.0', '15.0', '600.0'),
(193, 839, 12, '69.0', '23.0', '740.0'),
(194, 840, 1, '80.0', '33.0', '689.0'),
(194, 2390, 1, '', '', ''),
(61, 956, 5, '', '', ''),
(195, 843, 58, '', '35.0', '744.0'),
(195, 2761, 15, '47.0', '13.0', '420.0'),
(196, 845, 1, '42.0', '15.0', '342.0'),
(196, 846, 9, '89.0', '26.0', '869.0'),
(196, 847, 8, '26.0', '3.0', '60.0'),
(196, 2200, 35, '72.0', '19.0', '762.0'),
(196, 849, 24, '60.0', '16.0', '424.0'),
(196, 2799, 24, '45.0', '15.0', '370.0'),
(196, 851, 8, '90.0', '35.0', '625.0'),
(196, 852, 9, '', '14.0', '585.0'),
(53, 853, 12, '60.0', '19.0', '430.0'),
(197, 854, 78, '', '6.0', '61.0'),
(197, 855, 35, '72.0', '24.0', '975.0'),
(197, 1485, 35, '83.0', '31.0', '1189.0'),
(197, 857, 79, '39.0', '15.0', '396.0'),
(198, 858, 80, '', '', ''),
(198, 1884, 2, '', '', ''),
(199, 860, 9, '93.0', '36.0', '751.0'),
(200, 861, 9, '90.0', '32.0', '800.0'),
(200, 862, 8, '26.0', '3.0', '60.0'),
(200, 863, 17, '55.0', '21.0', '430.0'),
(201, 864, 8, '24.0', '4.0', '70.0'),
(202, 865, 2, '', '3.0', '85.0'),
(202, 866, 9, '', '', ''),
(202, 867, 23, '', '', ''),
(6, 868, 12, '45.0', '14.0', '370.0'),
(61, 869, 5, '26.0', '3.0', ''),
(156, 870, 17, '70.0', '22.0', '361.0'),
(203, 871, 24, '70.0', '15.0', '300.0'),
(203, 872, 12, '', '11.0', '262.0'),
(203, 873, 24, '45.0', '15.0', '370.0'),
(203, 874, 24, '', '', ''),
(61, 875, 23, '', '', ''),
(61, 876, 23, '', '2.0', ''),
(204, 877, 19, '81.0', '57.0', '1676.0'),
(205, 878, 23, '26.0', '3.0', ''),
(206, 879, 3, '56.0', '18.0', '427.0'),
(207, 880, 81, '81.0', '31.0', '975.0'),
(208, 881, 27, '', '27.0', '725.0'),
(209, 882, 17, '60.0', '', ''),
(209, 883, 58, '43.0', '12.0', '478.0'),
(209, 884, 58, '', '', ''),
(210, 885, 2, '', '', ''),
(210, 886, 13, '80.0', '37.0', '800.0'),
(210, 887, 2, '', '', '120.0'),
(85, 888, 12, '44.0', '', ''),
(211, 889, 12, '50.0', '', ''),
(42, 890, 8, '36.0', '8.0', '360.0'),
(103, 891, 9, '92.0', '42.0', '263.0'),
(34, 892, 22, '64.0', '19.0', '1006.0'),
(34, 1372, 82, '', '18.0', '1006.0'),
(58, 894, 1, '63.0', '30.0', '706.0'),
(58, 895, 12, '45.0', '6.0', '370.0'),
(58, 896, 1, '80.0', '33.0', '689.0'),
(58, 897, 12, '53.0', '27.0', '990.0'),
(212, 1057, 1, '76.0', '36.0', '285.0'),
(212, 899, 15, '47.0', '13.0', '420.0'),
(212, 900, 23, '55.0', '15.0', '450.0'),
(212, 901, 1, '70.0', '19.0', '550.0'),
(212, 902, 5, '', '21.0', '780.0'),
(212, 903, 2, '50.0', '21.0', '438.0'),
(212, 1237, 24, '45.0', '15.0', '370.0'),
(213, 905, 8, '', '', ''),
(213, 2186, 5, '', '11.0', '365.0'),
(213, 907, 10, '', '', ''),
(214, 908, 19, '70.0', '28.0', '600.0'),
(215, 949, 19, '66.0', '29.0', '739.0'),
(95, 910, 8, '26.0', '3.0', '60.0'),
(216, 935, 2, '', '', '438.0'),
(217, 912, 28, '82.0', '29.0', '986.0'),
(3, 2133, 13, '60.0', '25.0', '142.0'),
(19, 914, 1, '', '13.0', '294.0'),
(183, 915, 9, '70.0', '27.0', '786.0'),
(34, 916, 1, '80.0', '34.0', '689.0'),
(200, 917, 1, '55.0', '20.0', '400.0'),
(130, 918, 2, '', '', ''),
(130, 919, 83, '', '', ''),
(218, 920, 6, '82.0', '32.0', ''),
(218, 921, 1, '', '', ''),
(218, 922, 83, '', '', ''),
(218, 923, 1, '88.0', '36.0', '671.0'),
(219, 2399, 38, '50.0', '13.0', '376.0'),
(219, 925, 13, '90.0', '37.0', '1334.0'),
(219, 926, 8, '32.0', '6.0', '199.0'),
(220, 927, 24, '45.0', '15.0', '370.0'),
(220, 928, 9, '66.0', '19.0', '554.0'),
(220, 2753, 23, '', '', ''),
(221, 930, 23, '45.0', '25.0', '25.0'),
(222, 1057, 1, '76.0', '36.0', '285.0'),
(222, 1884, 2, '', '', ''),
(222, 933, 84, '', '', ''),
(222, 2355, 9, '77.0', '25.0', '592.0'),
(222, 935, 85, '40.0', '8.0', '396.0'),
(204, 936, 8, '26.0', '4.0', '68.0'),
(92, 937, 15, '47.0', '13.0', '420.0'),
(223, 938, 1, '40.0', '9.0', ''),
(223, 943, 19, '58.0', '', '847.0'),
(223, 940, 19, '44.0', '27.0', '974.0'),
(65, 941, 1, '35.0', '9.0', '207.0'),
(224, 2390, 86, '52.0', '23.0', '1052.0'),
(224, 943, 87, '45.0', '', '814.0'),
(224, 944, 19, '43.0', '24.0', '621.0'),
(224, 2389, 1, '35.0', '9.0', '207.0'),
(75, 946, 19, '97.0', '46.0', '1082.0'),
(77, 1224, 35, '89.0', '29.0', '1279.0'),
(77, 948, 1, '76.0', '36.0', '285.0'),
(77, 949, 19, '72.0', '17.0', '610.0'),
(77, 950, 9, '50.0', '14.0', '538.0'),
(77, 951, 2, '', '3.0', '85.0'),
(77, 952, 19, '70.0', '21.0', '488.0'),
(61, 953, 9, '84.0', '28.0', '671.0'),
(99, 1031, 17, '50.0', '16.0', '412.0'),
(90, 2142, 57, '87.0', '31.0', '1207.0'),
(225, 956, 23, '', '', ''),
(25, 957, 9, '', '20.0', '105.0'),
(10, 1810, 1, '64.0', '23.0', '725.0'),
(10, 1076, 9, '63.0', '17.0', '791.0'),
(192, 960, 42, '87.0', '32.0', '1077.0'),
(134, 961, 17, '55.0', '16.0', '397.0'),
(226, 962, 6, '90.0', '45.0', '1000.0'),
(226, 963, 2, '', '', ''),
(226, 964, 23, '', '', ''),
(226, 965, 57, '', '', ''),
(13, 966, 2, '13.0', '6.0', '110.0'),
(13, 967, 2, '', '3.0', '85.0'),
(227, 968, 13, '80.0', '31.0', '830.0'),
(228, 969, 42, '77.0', '27.0', '862.0'),
(61, 970, 23, '', '', ''),
(228, 2355, 5, '', '11.0', '365.0'),
(228, 2799, 2, '47.0', '13.0', '420.0'),
(212, 973, 23, '', '', ''),
(212, 974, 67, '', '', ''),
(229, 2395, 4, '', '', ''),
(24, 1489, 23, '', '', ''),
(230, 1246, 37, '', '', ''),
(230, 2580, 1, '76.0', '26.0', '285.0'),
(230, 979, 24, '60.0', '16.0', '424.0'),
(231, 1066, 5, '45.0', '11.0', '325.0'),
(231, 2545, 23, '', '', ''),
(231, 982, 5, '', '', ''),
(24, 1038, 37, '', '', ''),
(81, 984, 13, '', '', ''),
(81, 985, 1, '', '', ''),
(232, 986, 16, '96.0', '31.0', '915.0'),
(232, 2523, 19, '74.0', '21.0', '381.0'),
(232, 988, 16, '89.0', '26.0', '823.0'),
(232, 989, 2, '', '', ''),
(2, 2355, 9, '77.0', '25.0', '592.0'),
(32, 1212, 5, '', '11.0', '365.0'),
(48, 992, 19, '', '', ''),
(24, 1237, 24, '', '', ''),
(61, 994, 23, '', '', ''),
(233, 995, 5, '', '11.0', '365.0'),
(233, 996, 15, '46.0', '13.0', '420.0'),
(234, 997, 29, '', '', '360.0'),
(234, 998, 1, '', '16.0', '680.0'),
(234, 999, 29, '', '', ''),
(234, 1000, 6, '105.0', '46.0', '1139.0'),
(10, 1001, 8, '26.0', '3.0', '60.0'),
(235, 1002, 8, '', '', ''),
(236, 2753, 23, '', '', ''),
(141, 1004, 5, '', '', ''),
(237, 1005, 45, '', '14.0', '140.0'),
(237, 1006, 40, '', '', ''),
(237, 2193, 23, '', '', ''),
(237, 1008, 23, '', '', ''),
(61, 1009, 5, '', '', ''),
(21, 1010, 2, '54.0', '13.0', ''),
(238, 1011, 1, '60.0', '', ''),
(61, 2200, 37, '', '', ''),
(132, 1013, 6, '124.0', '70.0', '1621.0'),
(239, 2756, 2, '', '', ''),
(239, 1015, 19, '', '', ''),
(239, 1016, 1, '', '', ''),
(239, 1017, 19, '', '', ''),
(240, 1018, 40, '', '', ''),
(240, 1019, 17, '', '', ''),
(240, 1020, 13, '90.0', '32.0', '755.0'),
(90, 1021, 13, '72.0', '7.0', '605.0'),
(241, 1057, 1, '76.0', '36.0', '285.0'),
(241, 1023, 23, '', '', ''),
(241, 2725, 1, '', '', ''),
(195, 1025, 58, '', '', ''),
(139, 1026, 17, '', '', ''),
(242, 1027, 23, '', '', ''),
(242, 1028, 5, '', '', ''),
(186, 2763, 2, '', '', ''),
(243, 1030, 13, '48.0', '21.0', '70.0'),
(74, 1031, 17, '50.0', '16.0', '412.0'),
(60, 1032, 13, '93.0', '37.0', '823.0'),
(94, 1037, 88, '90.0', '30.0', '860.0'),
(61, 1034, 23, '', '', ''),
(61, 2193, 23, '', '', ''),
(61, 1036, 23, '', '', ''),
(27, 1037, 1, '50.0', '14.0', '1030.0'),
(61, 1038, 5, '50.0', '11.0', '335.0'),
(83, 1039, 24, '60.0', '17.0', '420.0'),
(170, 1402, 89, '65.0', '21.0', '400.0'),
(244, 1041, 28, '91.0', '24.0', '884.0'),
(130, 1042, 6, '112.0', '60.0', ''),
(219, 1043, 13, '87.0', '32.0', '750.0'),
(219, 1044, 23, '74.0', '35.0', '868.0'),
(4, 1045, 23, '', '', ''),
(225, 1046, 5, '70.0', '20.0', '400.0'),
(176, 1047, 15, '47.0', '13.0', '420.0'),
(245, 1057, 1, '76.0', '36.0', '285.0'),
(245, 1049, 8, '32.0', '6.0', '200.0'),
(246, 1050, 9, '70.0', '27.0', '786.0'),
(49, 1051, 13, '113.0', '55.0', '215.0'),
(246, 1052, 9, '80.0', '29.0', '720.0'),
(246, 1053, 12, '', '', ''),
(247, 1054, 5, '', '', ''),
(247, 1055, 1, '46.0', '13.0', '335.0'),
(247, 1056, 15, '47.0', '13.0', '420.0'),
(248, 1057, 1, '76.0', '36.0', '285.0'),
(248, 1058, 1, '', '', ''),
(33, 2579, 5, '', '', ''),
(248, 2579, 5, '', '', ''),
(10, 1061, 5, '', '', ''),
(249, 2193, 5, '', '', ''),
(249, 1063, 5, '22.0', '7.0', '125.0'),
(249, 1064, 90, '', '15.0', ''),
(249, 2187, 23, '', '', ''),
(249, 1066, 5, '', '11.0', '325.0'),
(250, 1319, 10, '', '16.0', '396.0'),
(250, 1068, 42, '72.0', '24.0', '793.0'),
(250, 2142, 23, '', '', ''),
(48, 1070, 1, '81.0', '35.0', '1018.0'),
(244, 1224, 35, '40.0', '11.0', '396.0'),
(244, 1072, 91, '', '', ''),
(244, 1073, 24, '60.0', '16.0', '424.0'),
(30, 1074, 69, '', '2.0', ''),
(251, 2178, 90, '', '10.0', ''),
(251, 1076, 9, '', '', ''),
(251, 1387, 23, '', '', ''),
(252, 2178, 90, '', '10.0', ''),
(252, 1079, 23, '', '', ''),
(252, 1080, 5, '', '', ''),
(253, 1081, 50, '', '', ''),
(253, 1082, 76, '', '11.0', '366.0'),
(35, 1083, 4, '', '', ''),
(254, 1084, 4, '', '', ''),
(255, 1085, 4, '', '', ''),
(53, 1086, 2, '60.0', '13.0', '400.0'),
(256, 1087, 21, '50.0', '13.0', '288.0'),
(257, 1088, 1, '', '', ''),
(258, 1089, 92, '', '', ''),
(258, 1090, 1, '', '', ''),
(258, 1091, 1, '64.0', '23.0', '732.0'),
(259, 1092, 23, '', '', ''),
(161, 1093, 5, '', '', ''),
(242, 1094, 2, '', '', ''),
(260, 1095, 21, '23.0', '4.0', '60.0'),
(260, 1096, 10, '', '16.0', ''),
(260, 2799, 91, '', '', ''),
(261, 2765, 40, '', '', ''),
(262, 1099, 13, '', '', ''),
(262, 1100, 2, '', '', ''),
(56, 1288, 12, '', '', '370.0'),
(106, 1288, 12, '', '', '370.0'),
(40, 1288, 12, '', '', '370.0'),
(263, 794, 23, '', '', ''),
(99, 454, 6, '80.0', '32.0', '823.0'),
(76, 473, 1, '80.0', '33.0', '689.0'),
(86, 1031, 17, '50.0', '16.0', '412.0'),
(113, 1031, 17, '50.0', '16.0', '412.0'),
(21, 2160, 4, '', '', ''),
(21, 1489, 69, '', '', ''),
(264, 1487, 21, '34.0', '6.0', '135.0'),
(264, 1258, 4, '', '', ''),
(265, 1038, 37, '', '', ''),
(267, 2355, 9, '77.0', '25.0', '592.0'),
(31, 2355, 9, '77.0', '25.0', '592.0'),
(13, 2355, 9, '77.0', '25.0', '592.0'),
(13, 2584, 9, '50.0', '14.0', '538.0'),
(267, 2765, 23, '', '', ''),
(267, 798, 8, '36.0', '8.0', '360.0'),
(270, 2386, 23, '', '', ''),
(270, 982, 23, '40.0', '7.0', '195.0'),
(274, 2142, 8, '', '7.0', ''),
(274, 2797, 23, '', '', ''),
(274, 1316, 20, '', '', ''),
(276, 2171, 20, '', '', ''),
(275, 760, 93, '', '', '914.0'),
(34, 2797, 5, '', '', ''),
(275, 2171, 23, '', '', ''),
(278, 492, 21, '48.0', '11.0', '250.0'),
(279, 2797, 93, '', '29.0', '914.0'),
(279, 1224, 35, '89.0', '29.0', '1279.0'),
(279, 905, 8, '', '', ''),
(279, 2522, 96, '', '4.0', ''),
(279, 1246, 37, '', '', ''),
(279, 2791, 56, '', '', ''),
(279, 2799, 23, '', '', ''),
(107, 1395, 2, '61.0', '13.0', '365.0'),
(200, 1028, 9, '87.0', '35.0', '1120.0'),
(79, 760, 9, '87.0', '35.0', '1120.0'),
(285, 1410, 19, '', '', ''),
(287, 891, 1, '76.0', '36.0', '285.0'),
(285, 1201, 2, '', '12.0', ''),
(61, 2545, 23, '', '', ''),
(61, 1303, 33, '', '', ''),
(61, 1304, 98, '', '', ''),
(61, 1358, 5, '', '', ''),
(61, 1402, 23, '', '', ''),
(61, 1402, 23, '', '', ''),
(61, 1308, 23, '', '', ''),
(61, 2576, 15, '', '', ''),
(61, 2399, 15, '', '', ''),
(61, 2399, 15, '', '', ''),
(61, 2399, 15, '', '', ''),
(61, 2399, 15, '', '', ''),
(61, 1314, 15, '', '', ''),
(61, 2144, 23, '', '', ''),
(61, 1316, 23, '', '', ''),
(319, 1317, 23, '', '', ''),
(319, 1318, 23, '', '', ''),
(319, 1319, 23, '', '', ''),
(319, 2196, 24, '', '', ''),
(61, 1321, 9, '', '', ''),
(61, 1322, 5, '', '', ''),
(61, 1884, 2, '', '', ''),
(61, 1884, 2, '', '', ''),
(61, 1884, 2, '', '', ''),
(61, 1326, 24, '', '', ''),
(61, 1327, 23, '', '', ''),
(61, 2194, 90, '', '', ''),
(61, 1329, 12, '', '', ''),
(61, 1330, 90, '', '', ''),
(61, 1331, 69, '', '', ''),
(61, 1812, 5, '', '', ''),
(61, 1333, 85, '', '', ''),
(61, 1334, 5, '', '', ''),
(61, 1335, 8, '', '', ''),
(61, 1336, 8, '', '', ''),
(61, 1337, 41, '', '', ''),
(61, 1338, 20, '', '', ''),
(61, 1339, 9, '', '', ''),
(61, 1340, 23, '', '', ''),
(61, 1341, 24, '', '15.0', '370.0'),
(317, 1342, 2, '', '', ''),
(320, 1343, 8, '53.0', '14.0', ''),
(320, 1344, 12, '', '', ''),
(134, 1345, 8, '53.0', '14.0', ''),
(316, 1346, 40, '', '', ''),
(316, 1347, 8, '', '', ''),
(13, 2392, 12, '45.0', '14.0', '370.0'),
(321, 1349, 4, '', '', ''),
(321, 2523, 19, '', '', ''),
(321, 1351, 23, '', '', ''),
(321, 1810, 9, '', '', ''),
(309, 1353, 7, 'Sit Down', '60.0', '16.0'),
(322, 1354, 4, '40.0', '10.0', '300.0'),
(34, 1355, 19, '', '', ''),
(34, 1356, 19, '', '', ''),
(34, 1357, 23, '', '', ''),
(31, 1358, 5, '', '', ''),
(31, 1359, 23, '', '', ''),
(31, 1360, 23, '', '', ''),
(31, 2182, 23, '', '', ''),
(31, 1362, 23, '', '', ''),
(31, 1363, 23, '', '', ''),
(31, 1364, 23, '', '', ''),
(323, 1365, 2, '', '', ''),
(324, 1366, 102, '', '', ''),
(324, 2386, 102, '', '', ''),
(324, 1368, 102, '', '', ''),
(172, 1369, 1, '', '9.0', '350.0'),
(79, 1370, 1, '', '9.0', '350.0'),
(325, 1371, 98, '', '', ''),
(326, 1372, 23, '', '', ''),
(326, 1373, 23, '', '', ''),
(327, 1374, 23, '', '', ''),
(326, 2355, 23, '', '', ''),
(326, 2739, 23, '', '', ''),
(326, 2192, 23, '', '', ''),
(326, 1381, 23, '', '', ''),
(326, 2187, 23, '', '', ''),
(328, 2192, 23, '', '', ''),
(328, 1381, 5, '', '', ''),
(328, 2791, 23, '', '', ''),
(329, 1383, 2, '', '', ''),
(329, 1384, 23, '', '', ''),
(329, 1385, 23, '', '', ''),
(330, 1386, 8, '32.0', '6.0', '199.0'),
(331, 1387, 23, '', '', ''),
(331, 2739, 90, '', '', ''),
(332, 1432, 5, '70.0', '20.0', '400.0'),
(333, 1390, 23, '', '', ''),
(333, 1391, 23, '', '', ''),
(334, 1392, 2, '', '', ''),
(334, 2761, 83, '', '', ''),
(334, 1394, 23, '', '', ''),
(334, 1395, 2, '', '', ''),
(152, 1396, 23, '', '', ''),
(152, 1397, 23, '', '', ''),
(335, 1398, 13, '240.0', '52.0', '2000.0'),
(29, 1399, 15, '47.0', '13.0', '420.0'),
(29, 1400, 90, '', '', ''),
(289, 1884, 23, '', '', ''),
(288, 1402, 18, '', '47.0', '150.0'),
(33, 1403, 1, '84.0', '17.0', '643.0'),
(336, 1404, 23, '75.0', '20.0', '865.0'),
(336, 2523, 1, '64.0', '23.0', '732.0'),
(336, 1406, 91, '', '', ''),
(135, 1407, 6, '120.0', '71.0', '1620.0'),
(87, 1408, 13, '145.0', '93.0', '1555.0'),
(337, 1409, 23, '50.0', '', '400.0'),
(166, 1410, 53, '120.0', '63.0', '1664.0'),
(229, 1411, 15, '50.0', '13.0', '420.0'),
(126, 1412, 1, '80.0', '25.0', '740.0'),
(194, 1413, 12, '', '', ''),
(24, 1414, 12, '', '', ''),
(61, 2545, 23, '', '', ''),
(104, 1416, 42, '75.0', '22.0', '788.0'),
(184, 2596, 29, '80.0', '29.0', '640.0'),
(79, 1418, 1, '80.0', '34.0', '689.0'),
(338, 1419, 23, '', '', ''),
(338, 1420, 23, '', '', ''),
(338, 1421, 13, '105.0', '56.0', '192.0'),
(87, 1422, 35, '90.0', '26.0', '1027.0'),
(339, 1485, 24, '', '', '465.0'),
(4, 1424, 6, '92.0', '42.0', '1200.0'),
(61, 1425, 9, '80.0', '28.0', '670.0'),
(340, 1426, 24, '70.0', '25.0', '385.0'),
(341, 1427, 103, '75.0', '32.0', '790.0'),
(218, 1428, 27, '134.0', '60.0', '850.0'),
(144, 2118, 40, '43.0', '11.0', '310.0'),
(61, 1430, 15, '43.0', '16.0', '370.0'),
(143, 2101, 34, '50.0', '10.0', '460.0'),
(61, 1432, 5, '70.0', '20.0', '400.0'),
(20, 1433, 13, '', '25.0', '82.0'),
(169, 1434, 12, '', '19.0', '585.0'),
(46, 1435, 1, '35.0', '9.0', '207.0'),
(127, 1436, 2, '68.0', '', ''),
(342, 1437, 42, '99.0', '45.0', '1468.0'),
(58, 1438, 6, '', '41.0', '476.0'),
(343, 1439, 83, '80.0', '38.0', ''),
(343, 1440, 83, '50.0', '', '380.0'),
(343, 1441, 83, '', '', ''),
(343, 1442, 83, '', '', ''),
(344, 2592, 23, '', '', ''),
(345, 2592, 23, '', '', ''),
(346, 1445, 23, '', '', ''),
(346, 2399, 23, '', '', ''),
(347, 1447, 98, '', '', ''),
(347, 1448, 5, '', '11.0', '365.0'),
(348, 2399, 102, '', '', ''),
(348, 1450, 102, '80.0', '', ''),
(348, 1451, 102, '', '', ''),
(348, 1461, 102, '', '', ''),
(348, 2200, 58, '', '', ''),
(348, 1454, 102, '80.0', '35.0', '890.0'),
(348, 1455, 102, '45.0', '12.0', ''),
(348, 1456, 102, '', '', ''),
(348, 2761, 83, '', '', ''),
(348, 2116, 102, '', '', ''),
(349, 1459, 83, '18.0', '', ''),
(349, 2795, 102, '35.0', '', ''),
(349, 1461, 102, '', '10.0', '366.0'),
(349, 1462, 103, '', '', ''),
(349, 2200, 104, '', '24.0', '500.0'),
(349, 2761, 83, '', '', ''),
(349, 1465, 103, '45.0', '12.0', '420.0'),
(350, 2761, 83, '', '', ''),
(350, 2200, 104, '', '', ''),
(350, 2592, 23, '', '', ''),
(351, 2592, 23, '', '', ''),
(352, 2592, 83, '', '', ''),
(353, 1471, 9, '66.0', '17.0', '787.0'),
(5, 1472, 12, '70.0', '22.0', '470.0'),
(354, 1473, 9, '', '13.0', '460.0'),
(354, 1474, 8, '24.0', '4.0', '70.0'),
(104, 1475, 42, '75.0', '22.0', '788.0'),
(27, 1476, 6, '90.0', '33.0', '770.0'),
(147, 1477, 105, '', '', '70.0'),
(147, 1478, 8, '40.0', '11.0', '388.0'),
(355, 1479, 8, '40.0', '11.0', '388.0'),
(151, 1480, 8, '32.0', '6.0', '99.0'),
(355, 1481, 8, '32.0', '6.0', '99.0'),
(2, 1482, 24, '55.0', '17.0', '430.0'),
(215, 1483, 98, '', '', ''),
(95, 1484, 24, '80.0', '24.0', '460.0'),
(200, 1485, 28, '61.0', '15.0', '480.0'),
(200, 1486, 2, '7.0', '2.0', '80.0'),
(61, 1487, 37, '', '', ''),
(225, 1488, 23, '', '', ''),
(225, 1489, 23, '', '', ''),
(40, 1490, 6, '102.0', '47.0', '1267.0'),
(100, 1491, 17, '84.0', '29.0', '640.0'),
(46, 1492, 13, '60.0', '33.0', '252.0'),
(335, 1493, 24, '', '', '1000.0'),
(171, 2395, 5, '', '', ''),
(45, 1495, 8, '', '', ''),
(356, 1496, 53, '56.0', '17.0', '396.0'),
(356, 1497, 23, '', '24.0', '1006.0'),
(356, 1498, 23, '', '18.0', '1067.0'),
(357, 1499, 23, '89.0', '21.0', '805.0'),
(357, 1500, 37, '', '', ''),
(357, 907, 91, '', '', ''),
(357, 2799, 23, '', '', ''),
(357, 2584, 9, '50.0', '14.0', '538.0'),
(357, 2350, 98, '', '', ''),
(358, 1092, 23, '', '', ''),
(272, 2584, 9, '', '', ''),
(144, 754, 4, '60.0', '12.0', ''),
(361, 2584, 9, '', '', ''),
(361, 2753, 23, '', '', ''),
(268, 2751, 76, '', '', ''),
(67, 2395, 4, '', '', ''),
(25, 2355, 9, '77.0', '25.0', '592.0'),
(25, 2377, 9, '', '', ''),
(365, 1258, 23, '', '', ''),
(366, 1009, 23, '', '', ''),
(367, 1038, 23, '', '', ''),
(368, 2200, 8, '39.0', '9.0', '222.0'),
(192, 1237, 12, '45.0', '14.0', '370.0'),
(124, 2739, 62, '', '', ''),
(369, 2739, 62, '', '', ''),
(370, 618, 1, '76.0', '36.0', '285.0'),
(371, 992, 1, '76.0', '36.0', '285.0'),
(371, 100, 35, '60.0', '14.0', '457.0'),
(377, 2330, 17, '70.0', '22.0', '360.0'),
(216, 2753, 106, '', '', ''),
(318, 2791, 107, '', '', ''),
(318, 2739, 107, '', '', ''),
(56, 2791, 35, '', '9.0', '213.0'),
(382, 2791, 35, '', '9.0', '213.0'),
(383, 798, 8, '36.0', '8.0', '360.0'),
(149, 1250, 12, '70.0', '9.0', '850.0'),
(96, 1057, 1, '60.0', '20.0', '185.0'),
(375, 2583, 83, '', '', ''),
(374, 1884, 19, '77.0', '20.0', '821.0'),
(386, 2200, 8, '24.0', '4.0', '70.0'),
(387, 2193, 5, '', '', ''),
(387, 1214, 5, '', '', ''),
(388, 878, 8, '', '', ''),
(276, 1271, 5, '61.0', '20.0', '350.0'),
(225, 1237, 24, '', '', ''),
(49, 814, 1, '80.0', '40.0', '310.0'),
(68, 1281, 6, '89.0', '31.0', '884.0'),
(106, 454, 1, '106.0', '58.0', '367.0'),
(391, 832, 2, '', '', ''),
(363, 1281, 1, '64.0', '23.0', '725.0'),
(392, 2399, 15, '47.0', '13.0', '420.0'),
(393, 1225, 98, '', '', ''),
(394, 2797, 23, '97.0', '26.0', '869.0'),
(395, 1810, 1, '80.0', '40.0', '310.0'),
(61, 2119, 23, '', '', ''),
(223, 1823, 1, '', '', ''),
(74, 1057, 1, '75.0', '36.0', '267.0'),
(406, 1057, 1, '75.0', '35.0', '285.0'),
(407, 2200, 19, '', '21.0', '380.0'),
(407, 1810, 2, '', '', ''),
(300, 1810, 23, '', '', '420.0'),
(409, 907, 10, '', '', ''),
(410, 2167, 12, '100.0', '38.0', '1056.0'),
(372, 1433, 13, '', '25.0', '80.0'),
(411, 1088, 1, '', '11.0', '220.0'),
(412, 766, 17, '55.0', '17.0', '532.0'),
(56, 454, 111, '115.0', '55.0', '950.0'),
(413, 1840, 6, '50.0', '20.0', '405.0'),
(414, 1218, 23, '', '', ''),
(315, 491, 111, '113.0', '57.0', '1300.0'),
(377, 1884, 2, '', '', ''),
(150, 1218, 17, '90.0', '33.0', '400.0'),
(341, 2592, 103, '', '', ''),
(113, 2308, 111, '85.0', '31.0', '975.0'),
(144, 2751, 40, '', '', ''),
(416, 430, 40, '', '', ''),
(417, 2761, 40, '', '4.0', '58.0'),
(417, 2751, 13, '70.0', '20.0', '580.0'),
(419, 1057, 1, '60.0', '23.0', '208.0'),
(419, 1801, 40, '', '', ''),
(419, 1802, 1, '80.0', '33.0', '689.0'),
(419, 1803, 1, '79.0', '25.0', '560.0'),
(419, 1804, 13, '110.0', '50.0', ''),
(419, 1805, 40, '', '13.0', '320.0'),
(419, 1806, 13, '140.0', '77.0', '1450.0'),
(420, 1807, 23, '', '', ''),
(420, 1808, 1, '95.0', '40.0', '908.0'),
(420, 1809, 23, '', '', ''),
(420, 1810, 4, '', '', ''),
(420, 1811, 11, '', '', ''),
(420, 1812, 23, '', '', ''),
(420, 1813, 23, '', '', ''),
(420, 1814, 23, '', '', ''),
(14, 1815, 40, '', '', ''),
(205, 1816, 15, '', '', ''),
(421, 1817, 12, '', '', '570.0'),
(421, 1818, 12, '', '', '530.0'),
(421, 1819, 17, '50.0', '16.0', '390.0'),
(421, 1820, 17, '83.0', '22.0', '680.0'),
(421, 1821, 17, '', '', ''),
(422, 1822, 1, '95.0', '24.0', '970.0'),
(422, 1823, 1, '50.0', '14.0', '582.0'),
(307, 1824, 4, '', '', '500.0'),
(12, 1825, 40, '', '', ''),
(12, 2592, 5, '', '', ''),
(23, 1827, 2, '', '7.0', '143.0'),
(44, 1828, 111, '119.0', '62.0', '1750.0'),
(44, 1829, 6, '120.0', '68.0', '1050.0'),
(135, 1830, 6, '153.0', '99.0', '2012.0'),
(16, 1831, 8, '40.0', '9.0', '222.0'),
(138, 1832, 27, '61.0', '37.0', '311.0'),
(138, 1833, 6, '90.0', '43.0', '1021.0'),
(138, 2355, 9, '77.0', '25.0', '592.0'),
(138, 1835, 61, '25.0', '4.0', '153.0'),
(156, 1836, 29, '0.0', '60.0', '0.0'),
(226, 1837, 6, '', '63.0', ''),
(149, 1838, 29, '100.0', '46.0', '263.0'),
(423, 1839, 1, '60.0', '20.0', '218.0'),
(218, 1840, 6, '50.0', '20.0', '405.0'),
(218, 1841, 6, '', '50.0', '1200.0'),
(422, 1842, 13, '', '25.0', '82.0'),
(424, 1843, 101, '50.0', '14.0', '350.0'),
(89, 1844, 12, '', '', ''),
(425, 1845, 13, '86.0', '43.0', '525.0'),
(425, 1846, 12, '115.0', '61.0', '1273.0'),
(426, 2592, 13, '', '', ''),
(427, 1848, 2, '50.0', '18.0', '460.0'),
(428, 1849, 2, '', '17.0', '427.0'),
(154, 1850, 17, '127.0', '73.0', '1235.0'),
(154, 1851, 40, '', '', ''),
(46, 1852, 2, '', '4.0', '80.0'),
(53, 1853, 12, '', '16.0', '410.0'),
(51, 1854, 12, '80.0', '30.0', '920.0'),
(56, 2308, 27, '61.0', '37.0', '310.0'),
(132, 1856, 115, '', '18.0', '305.0'),
(429, 1857, 40, '', '', ''),
(429, 1858, 23, '', '', ''),
(429, 1859, 116, '47.0', '', '420.0'),
(429, 1860, 102, '', '46.0', '180.0'),
(429, 1861, 102, '', '', ''),
(429, 1862, 13, '85.0', '33.0', '875.0'),
(429, 1863, 23, '', '', ''),
(429, 1864, 2, '11.0', '5.0', '100.0'),
(429, 1865, 8, '65.0', '22.0', '535.0'),
(429, 1866, 13, '70.0', '6.0', '515.0'),
(429, 1867, 8, '40.0', '10.0', '190.0'),
(429, 1868, 112, '', '', '370.0'),
(429, 1869, 90, '40.0', '14.0', ''),
(429, 1870, 110, '', '10.0', '200.0'),
(429, 1871, 2, '41.0', '15.0', '391.0'),
(429, 1872, 40, '', '', ''),
(430, 1873, 6, '', '45.0', '1024.0'),
(430, 2520, 12, '100.0', '36.0', '1056.0'),
(430, 1875, 12, '', '31.0', '390.0'),
(430, 2763, 83, '', '15.0', '750.0'),
(431, 2592, 13, '', '', ''),
(223, 1878, 1, '95.0', '24.0', '970.0'),
(10, 1879, 17, '55.0', '20.0', '500.0'),
(10, 1880, 8, '40.0', '10.0', '190.0'),
(10, 1881, 13, '113.0', '50.0', '1200.0'),
(432, 1882, 10, '34.0', '13.0', '350.0'),
(432, 1883, 10, '', '', ''),
(432, 1884, 2, '', '', ''),
(432, 2797, 23, '', '25.0', '855.0'),
(196, 1886, 115, '113.0', '64.0', '835.0'),
(196, 1887, 115, '50.0', '14.0', '320.0'),
(82, 1888, 45, '90.0', '31.0', '765.0'),
(431, 1889, 13, '', '', ''),
(433, 2592, 2, '', '', ''),
(434, 1891, 1, '76.0', '36.0', '285.0'),
(434, 1892, 102, '', '', ''),
(61, 1893, 23, '', '', ''),
(99, 1894, 111, '84.0', '35.0', '550.0'),
(408, 1895, 40, '', '', ''),
(75, 1896, 42, '77.0', '23.0', ''),
(75, 1897, 29, '100.0', '46.0', '263.0'),
(435, 1898, 40, '', '', ''),
(435, 1899, 5, '', '17.0', ''),
(45, 1900, 12, '65.0', '21.0', '640.0'),
(115, 2308, 17, '50.0', '16.0', '412.0'),
(169, 505, 1, '', '', '335.0'),
(436, 505, 12, '', '', '300.0'),
(109, 813, 6, '100.0', '43.0', '925.0'),
(110, 558, 13, '70.0', '30.0', '70.0'),
(437, 2335, 16, '89.0', '31.0', '823.0'),
(40, 2308, 27, '61.0', '37.0', '311.0'),
(445, 2200, 117, '', '', ''),
(447, 2200, 102, '75.0', '24.0', ''),
(447, 2116, 23, '', '', ''),
(448, 2200, 112, '40.0', '12.0', '290.0'),
(450, 611, 9, '91.0', '42.0', '263.0'),
(451, 2799, 60, '', '12.0', '400.0'),
(452, 2119, 23, '60.0', '16.0', '967.0'),
(455, 2193, 23, '', '', ''),
(456, 1884, 23, '', '', ''),
(458, 2751, 1, '46.0', '13.0', '335.0'),
(458, 2200, 1, '', '', ''),
(459, 1057, 1, '', '', ''),
(459, 1884, 2, '', '', ''),
(460, 2395, 23, '', '', ''),
(462, 2756, 23, '', '', ''),
(462, 1214, 23, '', '', ''),
(463, 1038, 110, '', '10.0', '300.0'),
(466, 2763, 91, '', '', ''),
(252, 189, 1, '60.0', '23.0', '210.0'),
(276, 1810, 5, '72.0', '24.0', ''),
(253, 2193, 76, '', '', ''),
(276, 2193, 5, '', '', ''),
(277, 2394, 76, '', '', ''),
(277, 2118, 15, '47.0', '13.0', '420.0'),
(470, 2592, 23, '', '', ''),
(287, 2761, 40, '', '5.0', '58.0'),
(139, 1225, 98, '', '', ''),
(441, 1883, 91, '', '', ''),
(474, 1057, 1, '76.0', '35.0', '285.0'),
(474, 1476, 1, '', '', ''),
(474, 2799, 2, '47.0', '13.0', '420.0'),
(475, 2390, 2, '', '', ''),
(477, 2386, 9, '68.0', '17.0', '787.0'),
(321, 1351, 23, '', '', ''),
(321, 2386, 19, '', '21.0', '380.0'),
(321, 1810, 9, '71.0', '', '872.0'),
(481, 2355, 9, '77.0', '24.0', '591.0'),
(481, 1411, 2, '', '', ''),
(484, 2386, 5, '', '11.0', '366.0'),
(312, 933, 84, '', '', ''),
(312, 2200, 5, '45.0', '11.0', '325.0'),
(486, 724, 23, '', '', ''),
(486, 1088, 5, '', '', ''),
(488, 2584, 23, '', '', ''),
(490, 1088, 5, '', '', ''),
(491, 2386, 23, '', '', ''),
(492, 1366, 23, '', '', ''),
(492, 2386, 1, '', '', ''),
(493, 2392, 110, '', '10.0', '200.0'),
(494, 1366, 23, '', '', ''),
(495, 2592, 23, '', '', ''),
(496, 2592, 23, '', '', ''),
(497, 1810, 23, '', '', ''),
(498, 1366, 23, '', '', ''),
(498, 2186, 105, '', '10.0', ''),
(499, 2751, 1, '60.0', '20.0', '185.0'),
(500, 523, 2, '30.0', '9.0', '175.0'),
(501, 2101, 6, '105.0', '40.0', '854.0'),
(501, 2102, 29, '72.0', '16.0', '480.0'),
(501, 2103, 2, '76.0', '21.0', '710.0'),
(502, 2104, 17, '85.0', '30.0', '630.0'),
(502, 2105, 2, '', '4.0', '80.0'),
(152, 2106, 27, '134.0', '60.0', ''),
(503, 2107, 13, '136.0', '74.0', '1556.0'),
(503, 2108, 23, '', '', ''),
(503, 2109, 42, '100.0', '', '1558.0'),
(503, 2110, 102, '', '', ''),
(503, 2111, 23, '', '', ''),
(504, 2112, 83, '', '', ''),
(504, 2113, 83, '', '', ''),
(504, 2114, 83, '', '', ''),
(504, 2115, 13, '125.0', '60.0', '1278.0'),
(504, 2116, 102, '', '', ''),
(505, 2117, 23, '', '', ''),
(505, 2118, 15, '47.0', '13.0', '420.0'),
(505, 2119, 23, '56.0', '12.0', '915.0'),
(100, 2120, 111, '81.0', '31.0', '732.0'),
(115, 2121, 27, '61.0', '37.0', '310.0'),
(197, 2122, 8, '89.0', '30.0', '602.0'),
(80, 2123, 17, '105.0', '41.0', '762.0'),
(506, 2315, 28, '89.0', '32.0', '995.0'),
(506, 2125, 83, '', '', ''),
(506, 2129, 1, '76.0', '36.0', '285.0'),
(507, 2315, 28, '99.0', '34.0', '1057.0'),
(507, 2128, 83, '', '', ''),
(507, 2129, 1, '76.0', '36.0', '285.0'),
(106, 2308, 27, '61.0', '37.0', '310.0'),
(508, 2131, 12, '', '', ''),
(508, 2132, 13, '85.0', '33.0', '875.0'),
(508, 2133, 13, '', '20.0', '457.0'),
(509, 2134, 12, '64.0', '17.0', '382.0'),
(509, 2135, 8, '', '', ''),
(136, 2136, 29, '', '45.0', '263.0'),
(510, 2137, 101, '', '12.0', '443.0'),
(510, 2138, 107, '', '', ''),
(510, 2139, 35, '', '18.0', '731.0'),
(510, 2792, 45, '', '14.0', '137.0'),
(394, 2142, 2, '', '35.0', '680.0'),
(394, 2142, 43, '', '', ''),
(511, 2143, 23, '', '', ''),
(511, 2144, 5, '', '9.0', '233.0'),
(511, 2187, 2, '', '', ''),
(511, 2146, 5, '', '', ''),
(327, 2193, 23, '', '', ''),
(512, 2193, 23, '', '', ''),
(254, 2149, 2, '', '', ''),
(254, 2150, 2, '', '', ''),
(254, 2187, 118, '', '', '274.0'),
(254, 2152, 1, '', '35.0', '253.0'),
(327, 2153, 5, '', '', ''),
(513, 2154, 69, '', '', ''),
(514, 2187, 11, '', '', ''),
(514, 2394, 23, '', '', ''),
(515, 2394, 40, '', '', ''),
(35, 2394, 76, '', '', ''),
(31, 2394, 23, '', '', ''),
(31, 2160, 5, '', '9.0', '366.0'),
(31, 2161, 5, '', '', ''),
(516, 2394, 23, '', '', ''),
(517, 2163, 23, '', '', ''),
(166, 2334, 2, '', '', '65.0'),
(166, 2335, 19, '88.0', '31.0', '736.0'),
(166, 2336, 23, '81.0', '22.0', '909.0'),
(166, 2739, 19, '49.0', '15.0', '383.0'),
(415, 2338, 40, '45.0', '', ''),
(575, 2339, 17, '72.0', '22.0', '320.0'),
(575, 2340, 10, '', '', ''),
(9, 2341, 17, '85.0', '31.0', '575.0'),
(576, 2342, 13, '', '12.0', ''),
(577, 2799, 60, '', '12.0', '487.0'),
(577, 2344, 76, '', '', ''),
(578, 2345, 5, '38.0', '12.0', '335.0'),
(579, 2346, 40, '', '', ''),
(580, 2576, 40, '30.0', '7.0', '113.0'),
(581, 2348, 8, '40.0', '9.0', '222.0'),
(581, 2349, 42, '70.0', '22.0', '620.0'),
(114, 2350, 19, '81.0', '36.0', '1058.0'),
(582, 2351, 17, '100.0', '43.0', '1000.0'),
(582, 2352, 17, '55.0', '19.0', '921.0'),
(2, 2353, 17, '106.0', '43.0', '600.0'),
(104, 2354, 12, '', '', ''),
(583, 2355, 9, '75.0', '24.0', '592.0'),
(584, 2356, 13, '80.0', '30.0', '800.0'),
(116, 2357, 1, '75.0', '19.0', '453.0'),
(300, 2358, 119, '', '', ''),
(83, 2359, 13, '106.0', '52.0', '1104.0'),
(585, 2360, 103, '', '', ''),
(585, 2361, 83, '', '18.0', '392.0'),
(586, 2362, 9, '', '', ''),
(586, 2363, 40, '', '', ''),
(419, 2364, 111, '115.0', '63.0', '1300.0'),
(419, 2365, 1, '100.0', '45.0', '1320.0'),
(24, 2366, 114, '33.0', '11.0', '310.0'),
(586, 2367, 23, '', '', ''),
(25, 2368, 8, '60.0', '25.0', '600.0'),
(587, 2369, 35, '', '11.0', '402.0'),
(588, 2370, 13, '100.0', '57.0', '177.0'),
(588, 2371, 83, '', '', ''),
(588, 2761, 83, '', '', ''),
(588, 2373, 83, '', '', ''),
(161, 2374, 21, '', '16.0', '280.0'),
(161, 2375, 38, '82.0', '27.0', '673.0'),
(108, 2376, 12, '76.0', '29.0', '335.0'),
(73, 2377, 9, '', '', ''),
(589, 2378, 101, '60.0', '24.0', '530.0'),
(94, 2592, 1, '', '22.0', ''),
(135, 2380, 12, '80.0', '25.0', '992.0'),
(590, 2381, 17, '84.0', '31.0', '380.0'),
(410, 2382, 17, '70.0', '22.0', '361.0'),
(410, 2383, 12, '', '', '400.0'),
(442, 2384, 60, '', '', ''),
(591, 2385, 9, '', '', ''),
(591, 2386, 36, '85.0', '34.0', '1219.0'),
(591, 2387, 9, '85.0', '34.0', '1050.0'),
(591, 2388, 15, '47.0', '13.0', '420.0'),
(238, 2389, 1, '35.0', '9.0', '207.0'),
(238, 2390, 87, '', '31.0', '1052.0'),
(592, 2391, 23, '', '', ''),
(592, 2392, 9, '77.0', '25.0', '592.0'),
(418, 2393, 8, '', '', ''),
(518, 2394, 23, '', '', ''),
(518, 2395, 23, '', '', ''),
(518, 2534, 23, '', '', ''),
(593, 2397, 23, '', '', ''),
(593, 2398, 23, '', '', ''),
(523, 2399, 15, '', '', ''),
(523, 2576, 15, '', '', ''),
(105, 1009, 23, '', '', ''),
(596, 2566, 113, '', '', '680.0'),
(597, 2756, 2, '', '', ''),
(61, 1225, 23, '', '', ''),
(15, 2592, 12, '', '', ''),
(599, 1810, 1, '', '', ''),
(602, 2773, 2, '', '', ''),
(602, 2761, 83, '', '', ''),
(604, 1884, 8, '', '', ''),
(604, 106, 8, '', '', ''),
(437, 2799, 24, '', '', ''),
(440, 2399, 2, '', '', ''),
(607, 2200, 23, '', '', ''),
(607, 2761, 83, '', '', ''),
(608, 2200, 1, '', '', ''),
(613, 2399, 2, '47.0', '11.0', '316.0'),
(614, 106, 2, '', '', ''),
(614, 1884, 8, '60.0', '16.0', ''),
(425, 2751, 17, '', '', ''),
(617, 2761, 103, '', '', ''),
(618, 607, 103, '20.0', '', '200.0'),
(618, 1461, 103, '', '', ''),
(618, 2530, 103, '', '', ''),
(618, 2761, 103, '', '', ''),
(618, 1485, 103, '75.0', '32.0', '788.0'),
(619, 2315, 28, '87.0', '33.0', '975.0'),
(570, 2519, 83, '0.0', '0.0', '0.0'),
(620, 2502, 6, '118.0', '60.0', '1278.0'),
(620, 2503, 2, '45.0', '0.0', '530.0'),
(160, 2504, 13, '85.0', '33.0', '875.0'),
(620, 2505, 12, '100.0', '38.0', '1056.0'),
(621, 2506, 6, '0.0', '0.0', '0.0'),
(160, 2507, 12, '100.0', '38.0', '1056.0'),
(621, 2508, 34, '0.0', '10.0', '430.0'),
(621, 2509, 6, '0.0', '0.0', '0.0'),
(622, 2519, 23, '0.0', '0.0', '0.0'),
(623, 2511, 2, '0.0', '0.0', '0.0'),
(623, 2512, 2, '90.0', '35.0', '680.0'),
(624, 2513, 6, '', '', ''),
(624, 2536, 103, '', '', ''),
(624, 2536, 83, '', '', ''),
(625, 2516, 23, '0.0', '0.0', '0.0'),
(625, 2517, 23, '0.0', '0.0', '0.0'),
(625, 2518, 23, '0.0', '0.0', '0.0'),
(625, 2519, 23, '0.0', '0.0', '0.0'),
(626, 2520, 27, '135.0', '60.0', '930.0'),
(626, 2521, 83, '', '', ''),
(269, 2522, 2, '41.0', '19.0', '390.0'),
(269, 2523, 1, '64.0', '22.0', '731.0'),
(627, 2524, 83, '', '', ''),
(627, 2525, 83, '', '', ''),
(627, 2526, 104, '', '', '1050.0'),
(627, 2527, 83, '', '', ''),
(627, 2528, 83, '88.0', '39.0', '695.0'),
(627, 2529, 83, '', '', ''),
(627, 2530, 83, '', '', ''),
(627, 2531, 83, '', '18.0', '392.0'),
(627, 2532, 83, '102.0', '60.0', '820.0'),
(609, 2761, 40, '', '', ''),
(609, 2534, 23, '', '', ''),
(506, 2535, 23, '', '', ''),
(506, 2536, 83, '', '', ''),
(628, 2537, 28, '', '12.0', '366.0'),
(628, 2538, 1, '43.0', '17.0', '396.0'),
(629, 2540, 40, '0.0', '0.0', '0.0'),
(629, 2540, 23, '0.0', '0.0', '600.0'),
(42, 2541, 113, '40.0', '25.0', '490.0'),
(42, 2542, 113, '40.0', '25.0', '490.0'),
(168, 2543, 113, '', '', '1250.0'),
(61, 2544, 37, '0.0', '0.0', '0.0'),
(630, 2545, 90, '', '4.0', '120.0'),
(44, 2546, 19, '96.0', '38.0', '1200.0'),
(631, 2547, 23, '', '', ''),
(631, 2548, 104, '', '', ''),
(632, 2549, 113, '', '', '775.0'),
(633, 2550, 113, '', '', '965.0'),
(634, 2566, 113, '35.0', '', '610.0'),
(635, 2566, 113, '', '', '570.0'),
(636, 2553, 113, '', '', '723.0'),
(637, 2554, 113, '', '', '410.0'),
(638, 2555, 113, '', '', '460.0'),
(639, 2564, 113, '', '', '735.0'),
(640, 2557, 113, '', '', '755.0'),
(641, 2564, 113, '', '', '700.0'),
(642, 2559, 113, '', '', '670.0'),
(643, 2560, 113, '', '', '665.0'),
(644, 2561, 113, '', '', '770.0'),
(645, 2562, 113, '', '', '690.0'),
(646, 2563, 113, '', '', '810.0'),
(647, 2564, 113, '', '', '625.0'),
(648, 2565, 113, '', '', '710.0'),
(649, 2566, 113, '', '', '600.0'),
(650, 2567, 113, '', '', '770.0'),
(651, 2568, 113, '', '', '720.0'),
(652, 2569, 113, '', '', '795.0'),
(1, 2570, 13, '107.0', '51.0', '1075.0'),
(653, 2756, 2, '', '4.0', '80.0'),
(654, 2572, 83, '35.0', '11.0', '325.0'),
(46, 2573, 29, '88.0', '20.0', '1219.0'),
(56, 2574, 27, '120.0', '53.0', ''),
(113, 2575, 27, '61.0', '37.0', '310.0'),
(362, 2576, 90, '', '15.0', ''),
(133, 2577, 5, '45.0', '11.0', '325.0'),
(133, 2578, 23, '', '', ''),
(277, 2579, 5, '', '11.0', '365.0'),
(68, 2580, 2, '', '13.0', '420.0'),
(45, 2581, 29, '100.0', '46.0', '260.0'),
(45, 2582, 111, '', '65.0', ''),
(98, 2583, 17, '', '', ''),
(655, 2584, 9, '50.0', '13.0', '538.0'),
(655, 2585, 23, '', '', ''),
(655, 2586, 23, '', '', ''),
(656, 2587, 113, '', '', '1000.0'),
(657, 2588, 113, '', '', '1075.0'),
(658, 2589, 23, '', '4.0', ''),
(659, 2590, 23, '0.0', '0.0', '0.0');
INSERT INTO `fact` (`idpark`, `id_roller`, `idmanufacturer`, `speed`, `height`, `length`) VALUES
(659, 2591, 1, '34.0', '8.0', '207.0'),
(48, 2592, 6, '', '', ''),
(84, 2593, 29, '90.0', '', ''),
(75, 2594, 13, '117.0', '54.0', ''),
(60, 2595, 6, '122.0', '64.0', '1413.0'),
(130, 2596, 29, '100.0', '45.0', '263.0'),
(381, 2597, 8, '', '', ''),
(381, 2598, 8, '', '', ''),
(302, 2599, 2, '', '', '80.0'),
(660, 2600, 4, '', '', ''),
(283, 2795, 62, '', '', ''),
(283, 523, 23, '', '', ''),
(669, 1076, 9, '', '14.0', '460.0'),
(670, 2200, 23, '', '17.0', '518.0'),
(672, 1002, 76, '', '5.0', '220.0'),
(673, 1002, 8, '32.0', '6.0', '199.0'),
(674, 2756, 23, '', '', ''),
(675, 1002, 34, '', '6.0', '135.0'),
(676, 2545, 23, '', '', ''),
(676, 1231, 37, '', '', ''),
(676, 2200, 23, '', '17.0', '518.0'),
(419, 1837, 34, '', '6.0', '135.0'),
(582, 1030, 13, '', '', ''),
(680, 1030, 13, '90.0', '40.0', '100.0'),
(683, 2576, 13, '85.0', '33.0', '875.0'),
(80, 855, 24, '65.0', '15.0', ''),
(684, 1884, 12, '100.0', '38.0', '1056.0'),
(61, 2576, 23, '', '', ''),
(689, 1884, 2, '', '', ''),
(690, 1058, 1, '', '', '85.0'),
(691, 1883, 76, '', '', ''),
(691, 537, 2, '', '', ''),
(692, 2756, 98, '', '', ''),
(80, 2701, 2, '', '', ''),
(80, 2702, 2, '47.0', '14.0', '300.0'),
(693, 2703, 123, '', '', '1400.0'),
(145, 2704, 1, '', '24.0', '400.0'),
(694, 2705, 113, '', '', '605.0'),
(695, 2706, 113, '', '', '1599.0'),
(696, 2707, 113, '', '', '1130.0'),
(68, 2708, 6, '89.0', '31.0', '884.0'),
(44, 2709, 6, '97.0', '44.0', '1188.0'),
(103, 2725, 6, '72.0', '28.0', '585.0'),
(366, 2711, 38, '', '', ''),
(429, 2712, 23, '', '', ''),
(419, 2713, 1, '45.0', '13.0', '247.0'),
(559, 2714, 24, '86.0', '40.0', '1040.0'),
(214, 2715, 28, '', '', ''),
(23, 2716, 1, '', '17.0', '500.0'),
(23, 2717, 9, '71.0', '', '872.0'),
(23, 2718, 9, '85.0', '42.0', '220.0'),
(52, 2719, 3, '', '', ''),
(662, 2720, 23, '', '', ''),
(197, 2721, 91, '', '', ''),
(184, 2722, 43, '', '22.0', '686.0'),
(48, 2723, 35, '98.0', '27.0', '1040.0'),
(219, 2724, 61, '', '', ''),
(697, 2725, 19, '', '21.0', ''),
(697, 2726, 2, '', '', ''),
(697, 2727, 119, '', '', ''),
(698, 2728, 113, '', '', '1084.0'),
(699, 2729, 8, '32.0', '9.0', ''),
(700, 2730, 69, '', '', ''),
(700, 2731, 113, '', '', '765.0'),
(700, 2732, 24, '45.0', '15.0', '370.0'),
(505, 2733, 2, '47.0', '13.0', '420.0'),
(701, 2751, 2, '', '4.0', '80.0'),
(702, 2799, 58, '', '', ''),
(702, 2741, 58, '', '', ''),
(703, 2737, 58, '', '', ''),
(704, 2738, 1, '35.0', '9.0', '207.0'),
(704, 2739, 23, '', '', ''),
(705, 2740, 23, '75.0', '', '900.0'),
(705, 2741, 23, '', '', ''),
(705, 2742, 62, '32.0', '9.0', '178.0'),
(705, 2743, 62, '40.0', '', '660.0'),
(706, 2744, 23, '', '', ''),
(706, 2745, 57, '', '', ''),
(707, 2746, 124, '', '', ''),
(707, 2773, 23, '', '', ''),
(707, 2748, 60, '', '', ''),
(707, 2749, 58, '', '', ''),
(707, 2756, 2, '', '', ''),
(708, 2751, 125, '', '', ''),
(709, 2752, 21, '40.0', '15.0', '359.0'),
(709, 2753, 106, '', '', ''),
(709, 2754, 35, '80.0', '21.0', '692.0'),
(710, 2755, 27, '90.0', '33.0', '793.0'),
(710, 2756, 98, '', '', '-1.0'),
(502, 2757, 58, '', '', ''),
(502, 2758, 58, '', '', ''),
(502, 2759, 58, '', '', ''),
(502, 2760, 58, '', '', ''),
(711, 2761, 83, '', '', ''),
(711, 2762, 104, '', '', ''),
(711, 2763, 102, '', '', ''),
(711, 2764, 23, '', '', ''),
(712, 2765, 2, '', '3.0', '80.0'),
(712, 2766, 40, '30.0', '7.0', '113.0'),
(712, 2767, 17, '', '', ''),
(713, 2768, 23, '', '19.0', ''),
(713, 2769, 10, '', '', ''),
(713, 2799, 23, '', '', ''),
(714, 2771, 2, '', '', ''),
(714, 2772, 19, '', '21.0', '366.0'),
(714, 2773, 23, '', '', ''),
(714, 2774, 23, '', '17.0', '600.0'),
(715, 2775, 23, '', '', ''),
(715, 2776, 38, '', '', ''),
(715, 2777, 38, '', '', ''),
(716, 2791, 23, '', '', ''),
(716, 2779, 1, '', '', '207.0'),
(716, 2780, 23, '', '', ''),
(717, 2781, 23, '', '', ''),
(717, 2782, 23, '', '', ''),
(717, 2783, 104, '', '', ''),
(717, 2784, 102, '', '', ''),
(717, 2785, 83, '', '', ''),
(717, 2786, 23, '', '', ''),
(717, 2787, 23, '', '', ''),
(717, 2788, 23, '', '', ''),
(718, 2789, 23, '', '', '883.0'),
(718, 2790, 23, '', '', ''),
(718, 2791, 23, '', '', ''),
(718, 2792, 45, '', '', ''),
(719, 2793, 23, '', '', ''),
(719, 2794, 23, '', '', ''),
(719, 2795, 23, '', '', ''),
(719, 2796, 23, '', '', ''),
(720, 2797, 40, '', '', ''),
(720, 2798, 5, '', '', ''),
(720, 2799, 15, '', '', ''),
(5, 2800, 12, '80.0', '30.0', '390.0'),
(721, 2801, 23, '', '', ''),
(197, 2802, 35, '', '11.0', '');

-- --------------------------------------------------------

--
-- Structure de la table `manufacturer1`
--

CREATE TABLE `manufacturer1` (
  `idmanufacturer` int(11) DEFAULT NULL,
  `manufacturer` varchar(15) DEFAULT NULL
) ENGINE=InnoDB DEFAULT CHARSET=utf8mb4 COLLATE=utf8mb4_general_ci;
COMMIT;

/*!40101 SET CHARACTER_SET_CLIENT=@OLD_CHARACTER_SET_CLIENT */;
/*!40101 SET CHARACTER_SET_RESULTS=@OLD_CHARACTER_SET_RESULTS */;
/*!40101 SET COLLATION_CONNECTION=@OLD_COLLATION_CONNECTION */;
